<?xml version='1.0' encoding='UTF-8'?>
<gpx version="1.1" creator="https://www.komoot.de" xmlns="http://www.topografix.com/GPX/1/1" xmlns:xsi="http://www.w3.org/2001/XMLSchema-instance" xsi:schemaLocation="http://www.topografix.com/GPX/1/1 http://www.topografix.com/GPX/1/1/gpx.xsd">
  <metadata>
    <name>Mała Pętla Bieszczadzka</name>
    <author>
      <link href="https://www.komoot.de">
        <text>komoot</text>
        <type>text/html</type>
      </link>
    </author>
  </metadata>
  <trk>
    <name>Mała Pętla Bieszczadzka</name>
    <trkseg>
      <trkpt lat="49.473745" lon="22.322316">
        <ele>326.189423</ele>
        <time>2026-05-29T17:52:01.223Z</time>
      </trkpt>
      <trkpt lat="49.473789" lon="22.322593">
        <ele>326.189423</ele>
        <time>2026-05-29T17:52:04.990Z</time>
      </trkpt>
      <trkpt lat="49.473800" lon="22.323895">
        <ele>326.365355</ele>
        <time>2026-05-29T17:52:23.510Z</time>
      </trkpt>
      <trkpt lat="49.473782" lon="22.324198">
        <ele>326.628712</ele>
        <time>2026-05-29T17:52:27.976Z</time>
      </trkpt>
      <trkpt lat="49.473736" lon="22.324506">
        <ele>326.902253</ele>
        <time>2026-05-29T17:52:32.650Z</time>
      </trkpt>
      <trkpt lat="49.473706" lon="22.324620">
        <ele>327.008711</ele>
        <time>2026-05-29T17:52:34.454Z</time>
      </trkpt>
      <trkpt lat="49.473627" lon="22.324615">
        <ele>327.114031</ele>
        <time>2026-05-29T17:52:36.131Z</time>
      </trkpt>
      <trkpt lat="49.473574" lon="22.324849">
        <ele>327.328523</ele>
        <time>2026-05-29T17:52:39.529Z</time>
      </trkpt>
      <trkpt lat="49.473405" lon="22.324823">
        <ele>327.554760</ele>
        <time>2026-05-29T17:52:42.900Z</time>
      </trkpt>
      <trkpt lat="49.472965" lon="22.324943">
        <ele>328.149989</ele>
        <time>2026-05-29T17:52:51.014Z</time>
      </trkpt>
      <trkpt lat="49.472458" lon="22.325058">
        <ele>328.692922</ele>
        <time>2026-05-29T17:53:00.290Z</time>
      </trkpt>
      <trkpt lat="49.472040" lon="22.324996">
        <ele>328.936345</ele>
        <time>2026-05-29T17:53:08.335Z</time>
      </trkpt>
      <trkpt lat="49.470511" lon="22.324615">
        <ele>328.578434</ele>
        <time>2026-05-29T17:53:34.671Z</time>
      </trkpt>
      <trkpt lat="49.470200" lon="22.324496">
        <ele>327.633440</ele>
        <time>2026-05-29T17:53:38.337Z</time>
      </trkpt>
      <trkpt lat="49.470036" lon="22.324385">
        <ele>327.105131</ele>
        <time>2026-05-29T17:53:40.177Z</time>
      </trkpt>
      <trkpt lat="49.469783" lon="22.324132">
        <ele>326.215402</ele>
        <time>2026-05-29T17:53:43.107Z</time>
      </trkpt>
      <trkpt lat="49.469560" lon="22.323777">
        <ele>325.269264</ele>
        <time>2026-05-29T17:53:46.089Z</time>
      </trkpt>
      <trkpt lat="49.469482" lon="22.323871">
        <ele>324.977120</ele>
        <time>2026-05-29T17:53:47.000Z</time>
      </trkpt>
      <trkpt lat="49.469460" lon="22.323813">
        <ele>324.848428</ele>
        <time>2026-05-29T17:53:50.036Z</time>
      </trkpt>
      <trkpt lat="49.469471" lon="22.323701">
        <ele>324.631369</ele>
        <time>2026-05-29T17:53:55.153Z</time>
      </trkpt>
      <trkpt lat="49.469348" lon="22.323423">
        <ele>324.101103</ele>
        <time>2026-05-29T17:54:10.368Z</time>
      </trkpt>
      <trkpt lat="49.469092" lon="22.322841">
        <ele>323.210485</ele>
        <time>2026-05-29T17:54:42.134Z</time>
      </trkpt>
      <trkpt lat="49.469125" lon="22.322806">
        <ele>323.132328</ele>
        <time>2026-05-29T17:54:44.930Z</time>
      </trkpt>
      <trkpt lat="49.469116" lon="22.322785">
        <ele>323.100449</ele>
        <time>2026-05-29T17:54:45.092Z</time>
      </trkpt>
      <trkpt lat="49.469005" lon="22.322528">
        <ele>322.709389</ele>
        <time>2026-05-29T17:54:47.087Z</time>
      </trkpt>
      <trkpt lat="49.468331" lon="22.320946">
        <ele>321.264226</ele>
        <time>2026-05-29T17:55:05.478Z</time>
      </trkpt>
      <trkpt lat="49.468147" lon="22.320519">
        <ele>321.840302</ele>
        <time>2026-05-29T17:55:14.071Z</time>
      </trkpt>
      <trkpt lat="49.468057" lon="22.320324">
        <ele>322.109229</ele>
        <time>2026-05-29T17:55:18.084Z</time>
      </trkpt>
      <trkpt lat="49.467966" lon="22.320190">
        <ele>322.327153</ele>
        <time>2026-05-29T17:55:21.376Z</time>
      </trkpt>
      <trkpt lat="49.467876" lon="22.320110">
        <ele>322.506984</ele>
        <time>2026-05-29T17:55:24.069Z</time>
      </trkpt>
      <trkpt lat="49.467769" lon="22.320068">
        <ele>322.698043</ele>
        <time>2026-05-29T17:55:26.889Z</time>
      </trkpt>
      <trkpt lat="49.467595" lon="22.320063">
        <ele>322.999148</ele>
        <time>2026-05-29T17:55:31.160Z</time>
      </trkpt>
      <trkpt lat="49.467588" lon="22.320004">
        <ele>323.066585</ele>
        <time>2026-05-29T17:55:33.852Z</time>
      </trkpt>
      <trkpt lat="49.467255" lon="22.320033">
        <ele>323.643660</ele>
        <time>2026-05-29T17:55:57.028Z</time>
      </trkpt>
      <trkpt lat="49.467095" lon="22.320068">
        <ele>323.923273</ele>
        <time>2026-05-29T17:56:08.270Z</time>
      </trkpt>
      <trkpt lat="49.466933" lon="22.320190">
        <ele>323.981805</ele>
        <time>2026-05-29T17:56:20.817Z</time>
      </trkpt>
      <trkpt lat="49.466614" lon="22.320681">
        <ele>324.117202</ele>
        <time>2026-05-29T17:56:52.129Z</time>
      </trkpt>
      <trkpt lat="49.466495" lon="22.320864">
        <ele>324.167688</ele>
        <time>2026-05-29T17:57:03.849Z</time>
      </trkpt>
      <trkpt lat="49.466456" lon="22.320925">
        <ele>324.184376</ele>
        <time>2026-05-29T17:57:07.738Z</time>
      </trkpt>
      <trkpt lat="49.466228" lon="22.321306">
        <ele>324.285380</ele>
        <time>2026-05-29T17:57:31.067Z</time>
      </trkpt>
      <trkpt lat="49.465959" lon="22.321732">
        <ele>324.401217</ele>
        <time>2026-05-29T17:57:57.895Z</time>
      </trkpt>
      <trkpt lat="49.465773" lon="22.322046">
        <ele>324.456135</ele>
        <time>2026-05-29T17:58:17.108Z</time>
      </trkpt>
      <trkpt lat="49.465631" lon="22.322279">
        <ele>324.407785</ele>
        <time>2026-05-29T17:58:31.524Z</time>
      </trkpt>
      <trkpt lat="49.465472" lon="22.322538">
        <ele>324.353855</ele>
        <time>2026-05-29T17:58:47.659Z</time>
      </trkpt>
      <trkpt lat="49.465296" lon="22.322817">
        <ele>324.295000</ele>
        <time>2026-05-29T17:59:05.216Z</time>
      </trkpt>
      <trkpt lat="49.464973" lon="22.323318">
        <ele>324.188179</ele>
        <time>2026-05-29T17:59:37.096Z</time>
      </trkpt>
      <trkpt lat="49.464701" lon="22.323729">
        <ele>324.099387</ele>
        <time>2026-05-29T18:00:03.553Z</time>
      </trkpt>
      <trkpt lat="49.464565" lon="22.324003">
        <ele>324.043612</ele>
        <time>2026-05-29T18:00:19.137Z</time>
      </trkpt>
      <trkpt lat="49.464464" lon="22.324247">
        <ele>323.929152</ele>
        <time>2026-05-29T18:00:32.169Z</time>
      </trkpt>
      <trkpt lat="49.464103" lon="22.325224">
        <ele>323.484480</ele>
        <time>2026-05-29T18:01:22.966Z</time>
      </trkpt>
      <trkpt lat="49.463984" lon="22.325504">
        <ele>323.352108</ele>
        <time>2026-05-29T18:01:38.055Z</time>
      </trkpt>
      <trkpt lat="49.463818" lon="22.325968">
        <ele>323.142541</ele>
        <time>2026-05-29T18:02:02.022Z</time>
      </trkpt>
      <trkpt lat="49.463552" lon="22.326778">
        <ele>322.897328</ele>
        <time>2026-05-29T18:02:42.982Z</time>
      </trkpt>
      <trkpt lat="49.463480" lon="22.326945">
        <ele>322.870845</ele>
        <time>2026-05-29T18:02:52.034Z</time>
      </trkpt>
      <trkpt lat="49.463341" lon="22.327274">
        <ele>322.818992</ele>
        <time>2026-05-29T18:03:09.762Z</time>
      </trkpt>
      <trkpt lat="49.462707" lon="22.328513">
        <ele>322.610609</ele>
        <time>2026-05-29T18:04:20.989Z</time>
      </trkpt>
      <trkpt lat="49.462757" lon="22.328569">
        <ele>322.598035</ele>
        <time>2026-05-29T18:04:22.220Z</time>
      </trkpt>
      <trkpt lat="49.462688" lon="22.328699">
        <ele>322.611070</ele>
        <time>2026-05-29T18:04:24.068Z</time>
      </trkpt>
      <trkpt lat="49.462581" lon="22.328918">
        <ele>322.673922</ele>
        <time>2026-05-29T18:04:26.961Z</time>
      </trkpt>
      <trkpt lat="49.462543" lon="22.328996">
        <ele>322.696284</ele>
        <time>2026-05-29T18:04:28.024Z</time>
      </trkpt>
      <trkpt lat="49.462330" lon="22.329544">
        <ele>322.842763</ele>
        <time>2026-05-29T18:04:34.870Z</time>
      </trkpt>
      <trkpt lat="49.462223" lon="22.329833">
        <ele>322.919064</ele>
        <time>2026-05-29T18:04:38.515Z</time>
      </trkpt>
      <trkpt lat="49.462205" lon="22.329878">
        <ele>322.931186</ele>
        <time>2026-05-29T18:04:39.099Z</time>
      </trkpt>
      <trkpt lat="49.461954" lon="22.330497">
        <ele>323.098558</ele>
        <time>2026-05-29T18:04:46.874Z</time>
      </trkpt>
      <trkpt lat="49.461618" lon="22.331282">
        <ele>323.273831</ele>
        <time>2026-05-29T18:04:56.921Z</time>
      </trkpt>
      <trkpt lat="49.461230" lon="22.332094">
        <ele>323.402062</ele>
        <time>2026-05-29T18:05:07.592Z</time>
      </trkpt>
      <trkpt lat="49.460785" lon="22.332903">
        <ele>323.536912</ele>
        <time>2026-05-29T18:05:17.972Z</time>
      </trkpt>
      <trkpt lat="49.460367" lon="22.333666">
        <ele>323.440858</ele>
        <time>2026-05-29T18:05:27.427Z</time>
      </trkpt>
      <trkpt lat="49.460071" lon="22.334209">
        <ele>323.303022</ele>
        <time>2026-05-29T18:05:33.533Z</time>
      </trkpt>
      <trkpt lat="49.459420" lon="22.335439">
        <ele>323.068032</ele>
        <time>2026-05-29T18:05:47.289Z</time>
      </trkpt>
      <trkpt lat="49.459209" lon="22.335828">
        <ele>323.138157</ele>
        <time>2026-05-29T18:05:52.052Z</time>
      </trkpt>
      <trkpt lat="49.458034" lon="22.337731">
        <ele>323.609806</ele>
        <time>2026-05-29T18:06:20.438Z</time>
      </trkpt>
      <trkpt lat="49.457873" lon="22.337994">
        <ele>323.726725</ele>
        <time>2026-05-29T18:06:24.260Z</time>
      </trkpt>
      <trkpt lat="49.457605" lon="22.338426">
        <ele>323.919990</ele>
        <time>2026-05-29T18:06:30.646Z</time>
      </trkpt>
      <trkpt lat="49.457468" lon="22.338648">
        <ele>324.019059</ele>
        <time>2026-05-29T18:06:33.982Z</time>
      </trkpt>
      <trkpt lat="49.457198" lon="22.339084">
        <ele>324.213949</ele>
        <time>2026-05-29T18:06:40.659Z</time>
      </trkpt>
      <trkpt lat="49.457120" lon="22.339210">
        <ele>324.270261</ele>
        <time>2026-05-29T18:06:42.594Z</time>
      </trkpt>
      <trkpt lat="49.456304" lon="22.340533">
        <ele>324.858071</ele>
        <time>2026-05-29T18:07:03.285Z</time>
      </trkpt>
      <trkpt lat="49.455867" lon="22.341243">
        <ele>325.173105</ele>
        <time>2026-05-29T18:07:13.663Z</time>
      </trkpt>
      <trkpt lat="49.455672" lon="22.341503">
        <ele>325.239584</ele>
        <time>2026-05-29T18:07:17.730Z</time>
      </trkpt>
      <trkpt lat="49.455506" lon="22.341678">
        <ele>325.273806</ele>
        <time>2026-05-29T18:07:20.805Z</time>
      </trkpt>
      <trkpt lat="49.455159" lon="22.341963">
        <ele>325.340701</ele>
        <time>2026-05-29T18:07:26.665Z</time>
      </trkpt>
      <trkpt lat="49.454981" lon="22.342102">
        <ele>325.374649</ele>
        <time>2026-05-29T18:07:29.635Z</time>
      </trkpt>
      <trkpt lat="49.454824" lon="22.342225">
        <ele>325.404611</ele>
        <time>2026-05-29T18:07:32.249Z</time>
      </trkpt>
      <trkpt lat="49.454686" lon="22.342332">
        <ele>325.430892</ele>
        <time>2026-05-29T18:07:34.583Z</time>
      </trkpt>
      <trkpt lat="49.454480" lon="22.342493">
        <ele>325.470186</ele>
        <time>2026-05-29T18:07:38.194Z</time>
      </trkpt>
      <trkpt lat="49.454219" lon="22.342697">
        <ele>325.534723</ele>
        <time>2026-05-29T18:07:42.985Z</time>
      </trkpt>
      <trkpt lat="49.454174" lon="22.342731">
        <ele>325.562324</ele>
        <time>2026-05-29T18:07:43.807Z</time>
      </trkpt>
      <trkpt lat="49.453951" lon="22.342907">
        <ele>325.700310</ele>
        <time>2026-05-29T18:07:47.845Z</time>
      </trkpt>
      <trkpt lat="49.453535" lon="22.343232">
        <ele>325.957178</ele>
        <time>2026-05-29T18:07:55.538Z</time>
      </trkpt>
      <trkpt lat="49.453411" lon="22.343330">
        <ele>326.033927</ele>
        <time>2026-05-29T18:07:57.907Z</time>
      </trkpt>
      <trkpt lat="49.453386" lon="22.343350">
        <ele>326.049441</ele>
        <time>2026-05-29T18:07:58.389Z</time>
      </trkpt>
      <trkpt lat="49.453036" lon="22.343625">
        <ele>326.265810</ele>
        <time>2026-05-29T18:08:05.233Z</time>
      </trkpt>
      <trkpt lat="49.452829" lon="22.343788">
        <ele>326.393835</ele>
        <time>2026-05-29T18:08:09.359Z</time>
      </trkpt>
      <trkpt lat="49.452669" lon="22.343913">
        <ele>326.492631</ele>
        <time>2026-05-29T18:08:12.549Z</time>
      </trkpt>
      <trkpt lat="49.452395" lon="22.344130">
        <ele>326.867065</ele>
        <time>2026-05-29T18:08:18.050Z</time>
      </trkpt>
      <trkpt lat="49.452259" lon="22.344236">
        <ele>327.059309</ele>
        <time>2026-05-29T18:08:20.757Z</time>
      </trkpt>
      <trkpt lat="49.452051" lon="22.344400">
        <ele>327.354029</ele>
        <time>2026-05-29T18:08:24.999Z</time>
      </trkpt>
      <trkpt lat="49.451074" lon="22.345171">
        <ele>328.738619</ele>
        <time>2026-05-29T18:08:46.531Z</time>
      </trkpt>
      <trkpt lat="49.451048" lon="22.345192">
        <ele>328.779837</ele>
        <time>2026-05-29T18:08:47.321Z</time>
      </trkpt>
      <trkpt lat="49.450400" lon="22.345703">
        <ele>330.642895</ele>
        <time>2026-05-29T18:09:06.829Z</time>
      </trkpt>
      <trkpt lat="49.450070" lon="22.345962">
        <ele>331.590744</ele>
        <time>2026-05-29T18:09:16.561Z</time>
      </trkpt>
      <trkpt lat="49.449696" lon="22.346257">
        <ele>332.666085</ele>
        <time>2026-05-29T18:09:27.749Z</time>
      </trkpt>
      <trkpt lat="49.449512" lon="22.346405">
        <ele>333.197323</ele>
        <time>2026-05-29T18:09:33.266Z</time>
      </trkpt>
      <trkpt lat="49.449205" lon="22.346666">
        <ele>333.244886</ele>
        <time>2026-05-29T18:09:42.205Z</time>
      </trkpt>
      <trkpt lat="49.449033" lon="22.346821">
        <ele>333.154057</ele>
        <time>2026-05-29T18:09:46.523Z</time>
      </trkpt>
      <trkpt lat="49.448099" lon="22.347681">
        <ele>332.658069</ele>
        <time>2026-05-29T18:09:59.210Z</time>
      </trkpt>
      <trkpt lat="49.447892" lon="22.347839">
        <ele>332.549772</ele>
        <time>2026-05-29T18:10:01.691Z</time>
      </trkpt>
      <trkpt lat="49.447710" lon="22.347909">
        <ele>332.220590</ele>
        <time>2026-05-29T18:10:03.660Z</time>
      </trkpt>
      <trkpt lat="49.447426" lon="22.347956">
        <ele>331.719388</ele>
        <time>2026-05-29T18:10:06.645Z</time>
      </trkpt>
      <trkpt lat="49.447350" lon="22.347967">
        <ele>331.585444</ele>
        <time>2026-05-29T18:10:07.439Z</time>
      </trkpt>
      <trkpt lat="49.447210" lon="22.347988">
        <ele>331.338625</ele>
        <time>2026-05-29T18:10:08.887Z</time>
      </trkpt>
      <trkpt lat="49.445951" lon="22.348127">
        <ele>329.338258</ele>
        <time>2026-05-29T18:10:23.457Z</time>
      </trkpt>
      <trkpt lat="49.445687" lon="22.348149">
        <ele>329.237430</ele>
        <time>2026-05-29T18:10:27.098Z</time>
      </trkpt>
      <trkpt lat="49.445041" lon="22.348202">
        <ele>328.990717</ele>
        <time>2026-05-29T18:10:36.447Z</time>
      </trkpt>
      <trkpt lat="49.443387" lon="22.348242">
        <ele>328.524468</ele>
        <time>2026-05-29T18:11:00.105Z</time>
      </trkpt>
      <trkpt lat="49.443075" lon="22.348236">
        <ele>328.461118</ele>
        <time>2026-05-29T18:11:04.383Z</time>
      </trkpt>
      <trkpt lat="49.442439" lon="22.348128">
        <ele>328.338071</ele>
        <time>2026-05-29T18:11:13.143Z</time>
      </trkpt>
      <trkpt lat="49.442106" lon="22.348003">
        <ele>328.299328</ele>
        <time>2026-05-29T18:11:17.918Z</time>
      </trkpt>
      <trkpt lat="49.441896" lon="22.347855">
        <ele>328.273219</ele>
        <time>2026-05-29T18:11:21.275Z</time>
      </trkpt>
      <trkpt lat="49.441039" lon="22.347105">
        <ele>328.161770</ele>
        <time>2026-05-29T18:11:36.145Z</time>
      </trkpt>
      <trkpt lat="49.440843" lon="22.346978">
        <ele>328.130208</ele>
        <time>2026-05-29T18:11:39.118Z</time>
      </trkpt>
      <trkpt lat="49.440448" lon="22.346789">
        <ele>328.021355</ele>
        <time>2026-05-29T18:11:44.824Z</time>
      </trkpt>
      <trkpt lat="49.439726" lon="22.346439">
        <ele>327.822157</ele>
        <time>2026-05-29T18:11:55.165Z</time>
      </trkpt>
      <trkpt lat="49.438814" lon="22.345670">
        <ele>327.783142</ele>
        <time>2026-05-29T18:12:09.405Z</time>
      </trkpt>
      <trkpt lat="49.437831" lon="22.344731">
        <ele>328.066100</ele>
        <time>2026-05-29T18:12:28.228Z</time>
      </trkpt>
      <trkpt lat="49.436291" lon="22.343107">
        <ele>329.301818</ele>
        <time>2026-05-29T18:13:01.990Z</time>
      </trkpt>
      <trkpt lat="49.435785" lon="22.342651">
        <ele>329.729059</ele>
        <time>2026-05-29T18:13:11.366Z</time>
      </trkpt>
      <trkpt lat="49.434866" lon="22.341973">
        <ele>330.476892</ele>
        <time>2026-05-29T18:13:29.828Z</time>
      </trkpt>
      <trkpt lat="49.434512" lon="22.341629">
        <ele>330.811051</ele>
        <time>2026-05-29T18:13:37.616Z</time>
      </trkpt>
      <trkpt lat="49.434397" lon="22.341477">
        <ele>330.957689</ele>
        <time>2026-05-29T18:13:40.406Z</time>
      </trkpt>
      <trkpt lat="49.433985" lon="22.340865">
        <ele>331.511617</ele>
        <time>2026-05-29T18:13:51.187Z</time>
      </trkpt>
      <trkpt lat="49.433878" lon="22.340702">
        <ele>331.657262</ele>
        <time>2026-05-29T18:13:54.057Z</time>
      </trkpt>
      <trkpt lat="49.433563" lon="22.340232">
        <ele>332.081689</ele>
        <time>2026-05-29T18:14:02.049Z</time>
      </trkpt>
      <trkpt lat="49.433198" lon="22.339684">
        <ele>332.689261</ele>
        <time>2026-05-29T18:14:11.207Z</time>
      </trkpt>
      <trkpt lat="49.433060" lon="22.339411">
        <ele>333.089086</ele>
        <time>2026-05-29T18:14:15.744Z</time>
      </trkpt>
      <trkpt lat="49.432980" lon="22.339142">
        <ele>333.431121</ele>
        <time>2026-05-29T18:14:19.883Z</time>
      </trkpt>
      <trkpt lat="49.432752" lon="22.338097">
        <ele>334.705684</ele>
        <time>2026-05-29T18:14:36.311Z</time>
      </trkpt>
      <trkpt lat="49.432704" lon="22.337880">
        <ele>334.970728</ele>
        <time>2026-05-29T18:14:39.899Z</time>
      </trkpt>
      <trkpt lat="49.432567" lon="22.337316">
        <ele>335.654213</ele>
        <time>2026-05-29T18:14:49.398Z</time>
      </trkpt>
      <trkpt lat="49.432389" lon="22.336769">
        <ele>336.063083</ele>
        <time>2026-05-29T18:14:58.707Z</time>
      </trkpt>
      <trkpt lat="49.431804" lon="22.335303">
        <ele>337.212829</ele>
        <time>2026-05-29T18:15:20.130Z</time>
      </trkpt>
      <trkpt lat="49.430751" lon="22.333165">
        <ele>336.945648</ele>
        <time>2026-05-29T18:15:43.016Z</time>
      </trkpt>
      <trkpt lat="49.430071" lon="22.332105">
        <ele>337.050945</ele>
        <time>2026-05-29T18:15:56.330Z</time>
      </trkpt>
      <trkpt lat="49.429751" lon="22.331454">
        <ele>337.232663</ele>
        <time>2026-05-29T18:16:04.919Z</time>
      </trkpt>
      <trkpt lat="49.429643" lon="22.331225">
        <ele>337.295656</ele>
        <time>2026-05-29T18:16:08.231Z</time>
      </trkpt>
      <trkpt lat="49.429435" lon="22.330779">
        <ele>337.417871</ele>
        <time>2026-05-29T18:16:15.012Z</time>
      </trkpt>
      <trkpt lat="49.429103" lon="22.330061">
        <ele>338.045492</ele>
        <time>2026-05-29T18:16:26.537Z</time>
      </trkpt>
      <trkpt lat="49.428980" lon="22.329796">
        <ele>338.302736</ele>
        <time>2026-05-29T18:16:30.734Z</time>
      </trkpt>
      <trkpt lat="49.428807" lon="22.329432">
        <ele>338.658963</ele>
        <time>2026-05-29T18:16:36.747Z</time>
      </trkpt>
      <trkpt lat="49.428740" lon="22.329293">
        <ele>338.795669</ele>
        <time>2026-05-29T18:16:39.119Z</time>
      </trkpt>
      <trkpt lat="49.428240" lon="22.328256">
        <ele>339.676748</ele>
        <time>2026-05-29T18:16:55.541Z</time>
      </trkpt>
      <trkpt lat="49.428024" lon="22.327879">
        <ele>339.776855</ele>
        <time>2026-05-29T18:17:01.530Z</time>
      </trkpt>
      <trkpt lat="49.427911" lon="22.327714">
        <ele>339.824597</ele>
        <time>2026-05-29T18:17:04.203Z</time>
      </trkpt>
      <trkpt lat="49.427631" lon="22.327381">
        <ele>339.933043</ele>
        <time>2026-05-29T18:17:09.859Z</time>
      </trkpt>
      <trkpt lat="49.427308" lon="22.327040">
        <ele>340.053077</ele>
        <time>2026-05-29T18:17:15.590Z</time>
      </trkpt>
      <trkpt lat="49.427004" lon="22.326666">
        <ele>340.172354</ele>
        <time>2026-05-29T18:17:21.120Z</time>
      </trkpt>
      <trkpt lat="49.426943" lon="22.326579">
        <ele>340.166824</ele>
        <time>2026-05-29T18:17:22.324Z</time>
      </trkpt>
      <trkpt lat="49.426865" lon="22.326459">
        <ele>340.138654</ele>
        <time>2026-05-29T18:17:23.839Z</time>
      </trkpt>
      <trkpt lat="49.426614" lon="22.326019">
        <ele>340.041477</ele>
        <time>2026-05-29T18:17:28.933Z</time>
      </trkpt>
      <trkpt lat="49.426472" lon="22.325758">
        <ele>339.984977</ele>
        <time>2026-05-29T18:17:31.795Z</time>
      </trkpt>
      <trkpt lat="49.426427" lon="22.325675">
        <ele>339.967036</ele>
        <time>2026-05-29T18:17:32.716Z</time>
      </trkpt>
      <trkpt lat="49.426328" lon="22.325492">
        <ele>339.927513</ele>
        <time>2026-05-29T18:17:34.739Z</time>
      </trkpt>
      <trkpt lat="49.426087" lon="22.325077">
        <ele>339.835136</ele>
        <time>2026-05-29T18:17:39.615Z</time>
      </trkpt>
      <trkpt lat="49.425930" lon="22.324903">
        <ele>339.785728</ele>
        <time>2026-05-29T18:17:42.495Z</time>
      </trkpt>
      <trkpt lat="49.425767" lon="22.324793">
        <ele>339.740284</ele>
        <time>2026-05-29T18:17:45.298Z</time>
      </trkpt>
      <trkpt lat="49.425712" lon="22.324767">
        <ele>339.725595</ele>
        <time>2026-05-29T18:17:46.214Z</time>
      </trkpt>
      <trkpt lat="49.425514" lon="22.324722">
        <ele>339.690038</ele>
        <time>2026-05-29T18:17:49.330Z</time>
      </trkpt>
      <trkpt lat="49.425191" lon="22.324758">
        <ele>339.634548</ele>
        <time>2026-05-29T18:17:54.230Z</time>
      </trkpt>
      <trkpt lat="49.424969" lon="22.324796">
        <ele>339.596274</ele>
        <time>2026-05-29T18:17:57.583Z</time>
      </trkpt>
      <trkpt lat="49.424780" lon="22.324813">
        <ele>339.563835</ele>
        <time>2026-05-29T18:18:00.420Z</time>
      </trkpt>
      <trkpt lat="49.424517" lon="22.324862">
        <ele>339.518442</ele>
        <time>2026-05-29T18:18:04.274Z</time>
      </trkpt>
      <trkpt lat="49.424401" lon="22.324931">
        <ele>339.497130</ele>
        <time>2026-05-29T18:18:06.071Z</time>
      </trkpt>
      <trkpt lat="49.424308" lon="22.325027">
        <ele>339.477936</ele>
        <time>2026-05-29T18:18:07.698Z</time>
      </trkpt>
      <trkpt lat="49.424162" lon="22.325249">
        <ele>339.442751</ele>
        <time>2026-05-29T18:18:10.642Z</time>
      </trkpt>
      <trkpt lat="49.424115" lon="22.325330">
        <ele>339.430653</ele>
        <time>2026-05-29T18:18:11.658Z</time>
      </trkpt>
      <trkpt lat="49.424074" lon="22.325423">
        <ele>339.418132</ele>
        <time>2026-05-29T18:18:12.638Z</time>
      </trkpt>
      <trkpt lat="49.424022" lon="22.325550">
        <ele>339.479630</ele>
        <time>2026-05-29T18:18:13.929Z</time>
      </trkpt>
      <trkpt lat="49.423831" lon="22.326039">
        <ele>339.824950</ele>
        <time>2026-05-29T18:18:18.280Z</time>
      </trkpt>
      <trkpt lat="49.423614" lon="22.326607">
        <ele>340.223751</ele>
        <time>2026-05-29T18:18:23.354Z</time>
      </trkpt>
      <trkpt lat="49.423484" lon="22.326967">
        <ele>340.473034</ele>
        <time>2026-05-29T18:18:27.264Z</time>
      </trkpt>
      <trkpt lat="49.423373" lon="22.327282">
        <ele>340.689927</ele>
        <time>2026-05-29T18:18:32.377Z</time>
      </trkpt>
      <trkpt lat="49.423257" lon="22.327612">
        <ele>340.917021</ele>
        <time>2026-05-29T18:18:39.068Z</time>
      </trkpt>
      <trkpt lat="49.422985" lon="22.328384">
        <ele>343.218288</ele>
        <time>2026-05-29T18:18:58.702Z</time>
      </trkpt>
      <trkpt lat="49.422857" lon="22.328726">
        <ele>344.628503</ele>
        <time>2026-05-29T18:19:08.632Z</time>
      </trkpt>
      <trkpt lat="49.422656" lon="22.329091">
        <ele>346.337745</ele>
        <time>2026-05-29T18:19:21.591Z</time>
      </trkpt>
      <trkpt lat="49.422413" lon="22.329394">
        <ele>348.056890</ele>
        <time>2026-05-29T18:19:35.100Z</time>
      </trkpt>
      <trkpt lat="49.422162" lon="22.329655">
        <ele>349.721880</ele>
        <time>2026-05-29T18:19:47.739Z</time>
      </trkpt>
      <trkpt lat="49.422032" lon="22.329763">
        <ele>350.533798</ele>
        <time>2026-05-29T18:19:53.440Z</time>
      </trkpt>
      <trkpt lat="49.420912" lon="22.330691">
        <ele>355.560278</ele>
        <time>2026-05-29T18:20:29.642Z</time>
      </trkpt>
      <trkpt lat="49.420076" lon="22.331388">
        <ele>358.545555</ele>
        <time>2026-05-29T18:20:58.313Z</time>
      </trkpt>
      <trkpt lat="49.419743" lon="22.331734">
        <ele>359.307327</ele>
        <time>2026-05-29T18:21:09.995Z</time>
      </trkpt>
      <trkpt lat="49.419496" lon="22.332177">
        <ele>360.026674</ele>
        <time>2026-05-29T18:21:19.764Z</time>
      </trkpt>
      <trkpt lat="49.419101" lon="22.333171">
        <ele>360.955886</ele>
        <time>2026-05-29T18:21:32.164Z</time>
      </trkpt>
      <trkpt lat="49.418879" lon="22.333729">
        <ele>359.248832</ele>
        <time>2026-05-29T18:21:36.627Z</time>
      </trkpt>
      <trkpt lat="49.418859" lon="22.333779">
        <ele>359.095644</ele>
        <time>2026-05-29T18:21:37.005Z</time>
      </trkpt>
      <trkpt lat="49.418617" lon="22.334396">
        <ele>357.215319</ele>
        <time>2026-05-29T18:21:41.488Z</time>
      </trkpt>
      <trkpt lat="49.418315" lon="22.335171">
        <ele>354.857549</ele>
        <time>2026-05-29T18:21:46.946Z</time>
      </trkpt>
      <trkpt lat="49.418271" lon="22.335299">
        <ele>354.479713</ele>
        <time>2026-05-29T18:21:47.804Z</time>
      </trkpt>
      <trkpt lat="49.418263" lon="22.335323">
        <ele>354.409332</ele>
        <time>2026-05-29T18:21:47.973Z</time>
      </trkpt>
      <trkpt lat="49.418218" lon="22.335486">
        <ele>353.891490</ele>
        <time>2026-05-29T18:21:49.034Z</time>
      </trkpt>
      <trkpt lat="49.418114" lon="22.336166">
        <ele>351.326671</ele>
        <time>2026-05-29T18:21:53.197Z</time>
      </trkpt>
      <trkpt lat="49.418107" lon="22.336274">
        <ele>350.928165</ele>
        <time>2026-05-29T18:21:53.848Z</time>
      </trkpt>
      <trkpt lat="49.418096" lon="22.336459">
        <ele>350.246072</ele>
        <time>2026-05-29T18:21:54.941Z</time>
      </trkpt>
      <trkpt lat="49.418056" lon="22.337158">
        <ele>347.669649</ele>
        <time>2026-05-29T18:21:59.081Z</time>
      </trkpt>
      <trkpt lat="49.418049" lon="22.337288">
        <ele>347.190696</ele>
        <time>2026-05-29T18:21:59.854Z</time>
      </trkpt>
      <trkpt lat="49.418037" lon="22.337518">
        <ele>346.343495</ele>
        <time>2026-05-29T18:22:01.234Z</time>
      </trkpt>
      <trkpt lat="49.418029" lon="22.337647">
        <ele>345.867699</ele>
        <time>2026-05-29T18:22:02.008Z</time>
      </trkpt>
      <trkpt lat="49.417993" lon="22.338051">
        <ele>344.370482</ele>
        <time>2026-05-29T18:22:04.499Z</time>
      </trkpt>
      <trkpt lat="49.417893" lon="22.338543">
        <ele>343.855450</ele>
        <time>2026-05-29T18:22:07.726Z</time>
      </trkpt>
      <trkpt lat="49.417826" lon="22.338812">
        <ele>343.799512</ele>
        <time>2026-05-29T18:22:09.644Z</time>
      </trkpt>
      <trkpt lat="49.417789" lon="22.338959">
        <ele>343.768901</ele>
        <time>2026-05-29T18:22:10.739Z</time>
      </trkpt>
      <trkpt lat="49.417784" lon="22.338981">
        <ele>343.764376</ele>
        <time>2026-05-29T18:22:10.906Z</time>
      </trkpt>
      <trkpt lat="49.417619" lon="22.339643">
        <ele>343.626700</ele>
        <time>2026-05-29T18:22:17.166Z</time>
      </trkpt>
      <trkpt lat="49.417507" lon="22.340089">
        <ele>343.533856</ele>
        <time>2026-05-29T18:22:23.519Z</time>
      </trkpt>
      <trkpt lat="49.417374" lon="22.340602">
        <ele>343.426609</ele>
        <time>2026-05-29T18:22:33.027Z</time>
      </trkpt>
      <trkpt lat="49.417242" lon="22.341014">
        <ele>344.131156</ele>
        <time>2026-05-29T18:22:41.655Z</time>
      </trkpt>
      <trkpt lat="49.417213" lon="22.341089">
        <ele>344.346018</ele>
        <time>2026-05-29T18:22:43.292Z</time>
      </trkpt>
      <trkpt lat="49.417142" lon="22.341220">
        <ele>344.765916</ele>
        <time>2026-05-29T18:22:46.655Z</time>
      </trkpt>
      <trkpt lat="49.416708" lon="22.341873">
        <ele>347.064883</ele>
        <time>2026-05-29T18:23:05.493Z</time>
      </trkpt>
      <trkpt lat="49.416418" lon="22.342443">
        <ele>348.846915</ele>
        <time>2026-05-29T18:23:19.900Z</time>
      </trkpt>
      <trkpt lat="49.416397" lon="22.342490">
        <ele>348.987332</ele>
        <time>2026-05-29T18:23:21.062Z</time>
      </trkpt>
      <trkpt lat="49.416155" lon="22.343017">
        <ele>350.574573</ele>
        <time>2026-05-29T18:23:33.892Z</time>
      </trkpt>
      <trkpt lat="49.415977" lon="22.343406">
        <ele>351.741541</ele>
        <time>2026-05-29T18:23:43.371Z</time>
      </trkpt>
      <trkpt lat="49.415852" lon="22.343678">
        <ele>352.558688</ele>
        <time>2026-05-29T18:23:50.108Z</time>
      </trkpt>
      <trkpt lat="49.415638" lon="22.344147">
        <ele>353.964340</ele>
        <time>2026-05-29T18:24:01.667Z</time>
      </trkpt>
      <trkpt lat="49.415575" lon="22.344284">
        <ele>354.376008</ele>
        <time>2026-05-29T18:24:05.104Z</time>
      </trkpt>
      <trkpt lat="49.415088" lon="22.345346">
        <ele>357.160348</ele>
        <time>2026-05-29T18:24:30.227Z</time>
      </trkpt>
      <trkpt lat="49.414782" lon="22.345920">
        <ele>357.704463</ele>
        <time>2026-05-29T18:24:42.230Z</time>
      </trkpt>
      <trkpt lat="49.414224" lon="22.346697">
        <ele>358.553026</ele>
        <time>2026-05-29T18:24:55.911Z</time>
      </trkpt>
      <trkpt lat="49.413167" lon="22.348188">
        <ele>358.234124</ele>
        <time>2026-05-29T18:25:13.137Z</time>
      </trkpt>
      <trkpt lat="49.413016" lon="22.348462">
        <ele>358.055965</ele>
        <time>2026-05-29T18:25:16.063Z</time>
      </trkpt>
      <trkpt lat="49.412872" lon="22.348871">
        <ele>357.825234</ele>
        <time>2026-05-29T18:25:20.083Z</time>
      </trkpt>
      <trkpt lat="49.412283" lon="22.351169">
        <ele>357.347271</ele>
        <time>2026-05-29T18:25:43.041Z</time>
      </trkpt>
      <trkpt lat="49.412269" lon="22.351234">
        <ele>357.337624</ele>
        <time>2026-05-29T18:25:43.640Z</time>
      </trkpt>
      <trkpt lat="49.412214" lon="22.351551">
        <ele>357.291400</ele>
        <time>2026-05-29T18:25:46.529Z</time>
      </trkpt>
      <trkpt lat="49.412171" lon="22.351888">
        <ele>357.207440</ele>
        <time>2026-05-29T18:25:49.572Z</time>
      </trkpt>
      <trkpt lat="49.412149" lon="22.352410">
        <ele>356.899531</ele>
        <time>2026-05-29T18:25:54.350Z</time>
      </trkpt>
      <trkpt lat="49.412137" lon="22.353363">
        <ele>356.338460</ele>
        <time>2026-05-29T18:26:02.689Z</time>
      </trkpt>
      <trkpt lat="49.412136" lon="22.353434">
        <ele>356.296658</ele>
        <time>2026-05-29T18:26:03.264Z</time>
      </trkpt>
      <trkpt lat="49.412131" lon="22.353980">
        <ele>355.975233</ele>
        <time>2026-05-29T18:26:07.542Z</time>
      </trkpt>
      <trkpt lat="49.412130" lon="22.354125">
        <ele>355.889877</ele>
        <time>2026-05-29T18:26:08.631Z</time>
      </trkpt>
      <trkpt lat="49.412117" lon="22.354445">
        <ele>355.701148</ele>
        <time>2026-05-29T18:26:11.099Z</time>
      </trkpt>
      <trkpt lat="49.412113" lon="22.354535">
        <ele>355.648048</ele>
        <time>2026-05-29T18:26:11.757Z</time>
      </trkpt>
      <trkpt lat="49.412110" lon="22.354598">
        <ele>355.593906</ele>
        <time>2026-05-29T18:26:12.190Z</time>
      </trkpt>
      <trkpt lat="49.412104" lon="22.354732">
        <ele>355.431317</ele>
        <time>2026-05-29T18:26:13.147Z</time>
      </trkpt>
      <trkpt lat="49.412080" lon="22.355345">
        <ele>354.687941</ele>
        <time>2026-05-29T18:26:17.306Z</time>
      </trkpt>
      <trkpt lat="49.412077" lon="22.355409">
        <ele>354.610269</ele>
        <time>2026-05-29T18:26:17.756Z</time>
      </trkpt>
      <trkpt lat="49.412069" lon="22.355554">
        <ele>354.434117</ele>
        <time>2026-05-29T18:26:18.718Z</time>
      </trkpt>
      <trkpt lat="49.412017" lon="22.356154">
        <ele>353.701404</ele>
        <time>2026-05-29T18:26:22.935Z</time>
      </trkpt>
      <trkpt lat="49.412011" lon="22.356196">
        <ele>353.649352</ele>
        <time>2026-05-29T18:26:23.221Z</time>
      </trkpt>
      <trkpt lat="49.411999" lon="22.356253">
        <ele>353.576832</ele>
        <time>2026-05-29T18:26:23.625Z</time>
      </trkpt>
      <trkpt lat="49.411938" lon="22.356453">
        <ele>353.309450</ele>
        <time>2026-05-29T18:26:25.175Z</time>
      </trkpt>
      <trkpt lat="49.411712" lon="22.357040">
        <ele>352.483795</ele>
        <time>2026-05-29T18:26:30.303Z</time>
      </trkpt>
      <trkpt lat="49.411670" lon="22.357147">
        <ele>352.332525</ele>
        <time>2026-05-29T18:26:31.346Z</time>
      </trkpt>
      <trkpt lat="49.411642" lon="22.357218">
        <ele>352.289527</ele>
        <time>2026-05-29T18:26:32.012Z</time>
      </trkpt>
      <trkpt lat="49.411458" lon="22.357685">
        <ele>352.413130</ele>
        <time>2026-05-29T18:26:36.620Z</time>
      </trkpt>
      <trkpt lat="49.411319" lon="22.358040">
        <ele>352.506933</ele>
        <time>2026-05-29T18:26:40.754Z</time>
      </trkpt>
      <trkpt lat="49.411311" lon="22.358061">
        <ele>352.512442</ele>
        <time>2026-05-29T18:26:41.041Z</time>
      </trkpt>
      <trkpt lat="49.411266" lon="22.358175">
        <ele>352.542630</ele>
        <time>2026-05-29T18:26:42.563Z</time>
      </trkpt>
      <trkpt lat="49.411189" lon="22.358366">
        <ele>352.593500</ele>
        <time>2026-05-29T18:26:45.168Z</time>
      </trkpt>
      <trkpt lat="49.411101" lon="22.358568">
        <ele>352.648538</ele>
        <time>2026-05-29T18:26:48.027Z</time>
      </trkpt>
      <trkpt lat="49.411066" lon="22.358644">
        <ele>352.669618</ele>
        <time>2026-05-29T18:26:49.118Z</time>
      </trkpt>
      <trkpt lat="49.410909" lon="22.358875">
        <ele>352.745247</ele>
        <time>2026-05-29T18:26:53.127Z</time>
      </trkpt>
      <trkpt lat="49.410764" lon="22.358996">
        <ele>352.802660</ele>
        <time>2026-05-29T18:26:56.201Z</time>
      </trkpt>
      <trkpt lat="49.410587" lon="22.359061">
        <ele>352.865984</ele>
        <time>2026-05-29T18:26:59.595Z</time>
      </trkpt>
      <trkpt lat="49.410395" lon="22.359036">
        <ele>353.025883</ele>
        <time>2026-05-29T18:27:03.298Z</time>
      </trkpt>
      <trkpt lat="49.410048" lon="22.358901">
        <ele>353.583691</ele>
        <time>2026-05-29T18:27:10.490Z</time>
      </trkpt>
      <trkpt lat="49.409694" lon="22.358769">
        <ele>354.151355</ele>
        <time>2026-05-29T18:27:18.032Z</time>
      </trkpt>
      <trkpt lat="49.409134" lon="22.358537">
        <ele>355.055187</ele>
        <time>2026-05-29T18:27:29.900Z</time>
      </trkpt>
      <trkpt lat="49.409117" lon="22.358531">
        <ele>355.082369</ele>
        <time>2026-05-29T18:27:30.264Z</time>
      </trkpt>
      <trkpt lat="49.408942" lon="22.358463">
        <ele>355.363664</ele>
        <time>2026-05-29T18:27:34.198Z</time>
      </trkpt>
      <trkpt lat="49.408637" lon="22.358462">
        <ele>356.023059</ele>
        <time>2026-05-29T18:27:41.048Z</time>
      </trkpt>
      <trkpt lat="49.408348" lon="22.358584">
        <ele>357.153103</ele>
        <time>2026-05-29T18:27:48.174Z</time>
      </trkpt>
      <trkpt lat="49.408102" lon="22.358807">
        <ele>358.229983</ele>
        <time>2026-05-29T18:27:56.501Z</time>
      </trkpt>
      <trkpt lat="49.408074" lon="22.358843">
        <ele>358.367630</ele>
        <time>2026-05-29T18:27:57.656Z</time>
      </trkpt>
      <trkpt lat="49.407615" lon="22.359674">
        <ele>361.041910</ele>
        <time>2026-05-29T18:28:20.604Z</time>
      </trkpt>
      <trkpt lat="49.407595" lon="22.359712">
        <ele>361.161820</ele>
        <time>2026-05-29T18:28:21.770Z</time>
      </trkpt>
      <trkpt lat="49.407457" lon="22.359980">
        <ele>362.000310</ele>
        <time>2026-05-29T18:28:29.550Z</time>
      </trkpt>
      <trkpt lat="49.407392" lon="22.360112">
        <ele>362.406444</ele>
        <time>2026-05-29T18:28:33.318Z</time>
      </trkpt>
      <trkpt lat="49.407226" lon="22.360448">
        <ele>363.305111</ele>
        <time>2026-05-29T18:28:42.706Z</time>
      </trkpt>
      <trkpt lat="49.407062" lon="22.360733">
        <ele>364.104598</ele>
        <time>2026-05-29T18:28:50.828Z</time>
      </trkpt>
      <trkpt lat="49.406994" lon="22.360850">
        <ele>364.434254</ele>
        <time>2026-05-29T18:28:54.128Z</time>
      </trkpt>
      <trkpt lat="49.406964" lon="22.360897">
        <ele>364.572605</ele>
        <time>2026-05-29T18:28:55.430Z</time>
      </trkpt>
      <trkpt lat="49.406848" lon="22.361067">
        <ele>365.090248</ele>
        <time>2026-05-29T18:29:00.340Z</time>
      </trkpt>
      <trkpt lat="49.406249" lon="22.361969">
        <ele>367.798542</ele>
        <time>2026-05-29T18:29:21.148Z</time>
      </trkpt>
      <trkpt lat="49.405718" lon="22.362726">
        <ele>369.900238</ele>
        <time>2026-05-29T18:29:36.147Z</time>
      </trkpt>
      <trkpt lat="49.405296" lon="22.363357">
        <ele>371.556114</ele>
        <time>2026-05-29T18:29:49.648Z</time>
      </trkpt>
      <trkpt lat="49.404857" lon="22.364008">
        <ele>373.271802</ele>
        <time>2026-05-29T18:30:06.809Z</time>
      </trkpt>
      <trkpt lat="49.404066" lon="22.365124">
        <ele>381.202292</ele>
        <time>2026-05-29T18:30:49.904Z</time>
      </trkpt>
      <trkpt lat="49.403251" lon="22.366320">
        <ele>390.471885</ele>
        <time>2026-05-29T18:31:51.528Z</time>
      </trkpt>
      <trkpt lat="49.402888" lon="22.366976">
        <ele>395.885555</ele>
        <time>2026-05-29T18:32:25.273Z</time>
      </trkpt>
      <trkpt lat="49.402699" lon="22.367450">
        <ele>399.380467</ele>
        <time>2026-05-29T18:32:46.009Z</time>
      </trkpt>
      <trkpt lat="49.402438" lon="22.368253">
        <ele>404.546107</ele>
        <time>2026-05-29T18:33:16.504Z</time>
      </trkpt>
      <trkpt lat="49.401836" lon="22.370154">
        <ele>409.511561</ele>
        <time>2026-05-29T18:33:59.589Z</time>
      </trkpt>
      <trkpt lat="49.401299" lon="22.371312">
        <ele>409.867325</ele>
        <time>2026-05-29T18:34:10.568Z</time>
      </trkpt>
      <trkpt lat="49.400507" lon="22.372987">
        <ele>408.465512</ele>
        <time>2026-05-29T18:34:24.773Z</time>
      </trkpt>
      <trkpt lat="49.400217" lon="22.373639">
        <ele>410.254612</ele>
        <time>2026-05-29T18:34:34.119Z</time>
      </trkpt>
      <trkpt lat="49.400154" lon="22.373825">
        <ele>410.729642</ele>
        <time>2026-05-29T18:34:37.387Z</time>
      </trkpt>
      <trkpt lat="49.400012" lon="22.374350">
        <ele>412.017638</ele>
        <time>2026-05-29T18:34:48.330Z</time>
      </trkpt>
      <trkpt lat="49.399718" lon="22.375569">
        <ele>416.219490</ele>
        <time>2026-05-29T18:35:24.931Z</time>
      </trkpt>
      <trkpt lat="49.399363" lon="22.377002">
        <ele>426.031411</ele>
        <time>2026-05-29T18:36:20.393Z</time>
      </trkpt>
      <trkpt lat="49.399276" lon="22.377285">
        <ele>428.034270</ele>
        <time>2026-05-29T18:36:32.624Z</time>
      </trkpt>
      <trkpt lat="49.399172" lon="22.377506">
        <ele>429.779494</ele>
        <time>2026-05-29T18:36:43.299Z</time>
      </trkpt>
      <trkpt lat="49.398908" lon="22.377833">
        <ele>432.905996</ele>
        <time>2026-05-29T18:37:03.423Z</time>
      </trkpt>
      <trkpt lat="49.398226" lon="22.378286">
        <ele>438.895878</ele>
        <time>2026-05-29T18:37:45.652Z</time>
      </trkpt>
      <trkpt lat="49.397821" lon="22.378591">
        <ele>442.531983</ele>
        <time>2026-05-29T18:38:07.584Z</time>
      </trkpt>
      <trkpt lat="49.397677" lon="22.378786">
        <ele>444.079381</ele>
        <time>2026-05-29T18:38:15.232Z</time>
      </trkpt>
      <trkpt lat="49.397275" lon="22.379499">
        <ele>446.313646</ele>
        <time>2026-05-29T18:38:33.335Z</time>
      </trkpt>
      <trkpt lat="49.396796" lon="22.380362">
        <ele>445.973246</ele>
        <time>2026-05-29T18:38:43.540Z</time>
      </trkpt>
      <trkpt lat="49.396062" lon="22.381799">
        <ele>444.346355</ele>
        <time>2026-05-29T18:38:55.493Z</time>
      </trkpt>
      <trkpt lat="49.395206" lon="22.383472">
        <ele>440.360135</ele>
        <time>2026-05-29T18:39:10.110Z</time>
      </trkpt>
      <trkpt lat="49.395083" lon="22.383748">
        <ele>439.700995</ele>
        <time>2026-05-29T18:39:12.317Z</time>
      </trkpt>
      <trkpt lat="49.394997" lon="22.383925">
        <ele>439.265744</ele>
        <time>2026-05-29T18:39:13.743Z</time>
      </trkpt>
      <trkpt lat="49.394772" lon="22.384441">
        <ele>438.041850</ele>
        <time>2026-05-29T18:39:17.650Z</time>
      </trkpt>
      <trkpt lat="49.394159" lon="22.385814">
        <ele>435.109317</ele>
        <time>2026-05-29T18:39:28.583Z</time>
      </trkpt>
      <trkpt lat="49.393941" lon="22.386304">
        <ele>435.540351</ele>
        <time>2026-05-29T18:39:33.755Z</time>
      </trkpt>
      <trkpt lat="49.393859" lon="22.386479">
        <ele>435.696948</ele>
        <time>2026-05-29T18:39:36.218Z</time>
      </trkpt>
      <trkpt lat="49.393611" lon="22.387033">
        <ele>436.185246</ele>
        <time>2026-05-29T18:39:45.590Z</time>
      </trkpt>
      <trkpt lat="49.393368" lon="22.387518">
        <ele>436.629735</ele>
        <time>2026-05-29T18:39:56.700Z</time>
      </trkpt>
      <trkpt lat="49.393293" lon="22.387631">
        <ele>436.746942</ele>
        <time>2026-05-29T18:39:59.784Z</time>
      </trkpt>
      <trkpt lat="49.393129" lon="22.387790">
        <ele>436.963316</ele>
        <time>2026-05-29T18:40:05.304Z</time>
      </trkpt>
      <trkpt lat="49.393067" lon="22.387844">
        <ele>437.036843</ele>
        <time>2026-05-29T18:40:07.219Z</time>
      </trkpt>
      <trkpt lat="49.392688" lon="22.388031">
        <ele>437.350762</ele>
        <time>2026-05-29T18:40:16.903Z</time>
      </trkpt>
      <trkpt lat="49.392555" lon="22.388099">
        <ele>437.461303</ele>
        <time>2026-05-29T18:40:19.877Z</time>
      </trkpt>
      <trkpt lat="49.392501" lon="22.388122">
        <ele>437.505494</ele>
        <time>2026-05-29T18:40:20.969Z</time>
      </trkpt>
      <trkpt lat="49.392429" lon="22.388151">
        <ele>437.564193</ele>
        <time>2026-05-29T18:40:22.460Z</time>
      </trkpt>
      <trkpt lat="49.392294" lon="22.388213">
        <ele>437.675310</ele>
        <time>2026-05-29T18:40:25.065Z</time>
      </trkpt>
      <trkpt lat="49.391948" lon="22.388457">
        <ele>437.975541</ele>
        <time>2026-05-29T18:40:31.902Z</time>
      </trkpt>
      <trkpt lat="49.391741" lon="22.388661">
        <ele>438.169482</ele>
        <time>2026-05-29T18:40:35.982Z</time>
      </trkpt>
      <trkpt lat="49.391618" lon="22.388828">
        <ele>438.298930</ele>
        <time>2026-05-29T18:40:38.287Z</time>
      </trkpt>
      <trkpt lat="49.391403" lon="22.389226">
        <ele>437.865636</ele>
        <time>2026-05-29T18:40:42.200Z</time>
      </trkpt>
      <trkpt lat="49.391227" lon="22.389691">
        <ele>436.580603</ele>
        <time>2026-05-29T18:40:45.885Z</time>
      </trkpt>
      <trkpt lat="49.391188" lon="22.389819">
        <ele>436.242971</ele>
        <time>2026-05-29T18:40:46.825Z</time>
      </trkpt>
      <trkpt lat="49.390549" lon="22.391932">
        <ele>431.205032</ele>
        <time>2026-05-29T18:41:01.223Z</time>
      </trkpt>
      <trkpt lat="49.390364" lon="22.392486">
        <ele>430.393441</ele>
        <time>2026-05-29T18:41:05.122Z</time>
      </trkpt>
      <trkpt lat="49.390183" lon="22.392798">
        <ele>429.848687</ele>
        <time>2026-05-29T18:41:07.837Z</time>
      </trkpt>
      <trkpt lat="49.389962" lon="22.393025">
        <ele>429.316332</ele>
        <time>2026-05-29T18:41:10.691Z</time>
      </trkpt>
      <trkpt lat="49.389501" lon="22.393408">
        <ele>428.266833</ele>
        <time>2026-05-29T18:41:19.288Z</time>
      </trkpt>
      <trkpt lat="49.389290" lon="22.393681">
        <ele>429.706055</ele>
        <time>2026-05-29T18:41:27.531Z</time>
      </trkpt>
      <trkpt lat="49.389168" lon="22.393878">
        <ele>430.701262</ele>
        <time>2026-05-29T18:41:33.801Z</time>
      </trkpt>
      <trkpt lat="49.389056" lon="22.394116">
        <ele>431.776142</ele>
        <time>2026-05-29T18:41:41.282Z</time>
      </trkpt>
      <trkpt lat="49.388967" lon="22.394354">
        <ele>432.780736</ele>
        <time>2026-05-29T18:41:48.859Z</time>
      </trkpt>
      <trkpt lat="49.388859" lon="22.394847">
        <ele>434.684565</ele>
        <time>2026-05-29T18:42:04.450Z</time>
      </trkpt>
      <trkpt lat="49.388833" lon="22.395223">
        <ele>436.068472</ele>
        <time>2026-05-29T18:42:16.390Z</time>
      </trkpt>
      <trkpt lat="49.388863" lon="22.395815">
        <ele>438.241754</ele>
        <time>2026-05-29T18:42:34.021Z</time>
      </trkpt>
      <trkpt lat="49.388995" lon="22.396751">
        <ele>439.401597</ele>
        <time>2026-05-29T18:42:53.791Z</time>
      </trkpt>
      <trkpt lat="49.389041" lon="22.397096">
        <ele>439.800372</ele>
        <time>2026-05-29T18:42:57.923Z</time>
      </trkpt>
      <trkpt lat="49.389063" lon="22.397593">
        <ele>440.364454</ele>
        <time>2026-05-29T18:43:02.174Z</time>
      </trkpt>
      <trkpt lat="49.389002" lon="22.398082">
        <ele>440.928254</ele>
        <time>2026-05-29T18:43:06.060Z</time>
      </trkpt>
      <trkpt lat="49.388869" lon="22.398506">
        <ele>441.461216</ele>
        <time>2026-05-29T18:43:09.659Z</time>
      </trkpt>
      <trkpt lat="49.388591" lon="22.399016">
        <ele>443.079734</ele>
        <time>2026-05-29T18:43:15.515Z</time>
      </trkpt>
      <trkpt lat="49.387599" lon="22.400528">
        <ele>448.505019</ele>
        <time>2026-05-29T18:44:02.024Z</time>
      </trkpt>
      <trkpt lat="49.387377" lon="22.400906">
        <ele>451.824565</ele>
        <time>2026-05-29T18:44:18.890Z</time>
      </trkpt>
      <trkpt lat="49.386433" lon="22.403202">
        <ele>468.851036</ele>
        <time>2026-05-29T18:46:05.712Z</time>
      </trkpt>
      <trkpt lat="49.386036" lon="22.404533">
        <ele>476.380769</ele>
        <time>2026-05-29T18:46:52.493Z</time>
      </trkpt>
      <trkpt lat="49.385975" lon="22.404734">
        <ele>477.521342</ele>
        <time>2026-05-29T18:46:58.074Z</time>
      </trkpt>
      <trkpt lat="49.385795" lon="22.405126">
        <ele>479.988525</ele>
        <time>2026-05-29T18:47:08.941Z</time>
      </trkpt>
      <trkpt lat="49.385671" lon="22.405318">
        <ele>480.762327</ele>
        <time>2026-05-29T18:47:14.457Z</time>
      </trkpt>
      <trkpt lat="49.385539" lon="22.405461">
        <ele>481.120870</ele>
        <time>2026-05-29T18:47:19.134Z</time>
      </trkpt>
      <trkpt lat="49.385368" lon="22.405620">
        <ele>481.564569</ele>
        <time>2026-05-29T18:47:24.432Z</time>
      </trkpt>
      <trkpt lat="49.385007" lon="22.405877">
        <ele>482.447778</ele>
        <time>2026-05-29T18:47:33.606Z</time>
      </trkpt>
      <trkpt lat="49.384100" lon="22.406522">
        <ele>484.517424</ele>
        <time>2026-05-29T18:47:53.538Z</time>
      </trkpt>
      <trkpt lat="49.383915" lon="22.406726">
        <ele>484.529608</ele>
        <time>2026-05-29T18:47:57.428Z</time>
      </trkpt>
      <trkpt lat="49.383836" lon="22.406845">
        <ele>484.535528</ele>
        <time>2026-05-29T18:47:59.215Z</time>
      </trkpt>
      <trkpt lat="49.383673" lon="22.407093">
        <ele>484.547804</ele>
        <time>2026-05-29T18:48:02.764Z</time>
      </trkpt>
      <trkpt lat="49.383836" lon="22.406845">
        <ele>484.560079</ele>
        <time>2026-05-29T18:48:06.037Z</time>
      </trkpt>
      <trkpt lat="49.383915" lon="22.406726">
        <ele>484.565999</ele>
        <time>2026-05-29T18:48:07.547Z</time>
      </trkpt>
      <trkpt lat="49.384100" lon="22.406522">
        <ele>484.578183</ele>
        <time>2026-05-29T18:48:10.574Z</time>
      </trkpt>
      <trkpt lat="49.385007" lon="22.405877">
        <ele>484.544064</ele>
        <time>2026-05-29T18:48:24.113Z</time>
      </trkpt>
      <trkpt lat="49.384100" lon="22.406522">
        <ele>484.381467</ele>
        <time>2026-05-29T18:48:40.068Z</time>
      </trkpt>
      <trkpt lat="49.383915" lon="22.406726">
        <ele>484.344419</ele>
        <time>2026-05-29T18:48:43.500Z</time>
      </trkpt>
      <trkpt lat="49.383836" lon="22.406845">
        <ele>484.326419</ele>
        <time>2026-05-29T18:48:45.056Z</time>
      </trkpt>
      <trkpt lat="49.383673" lon="22.407093">
        <ele>483.967546</ele>
        <time>2026-05-29T18:48:48.109Z</time>
      </trkpt>
      <trkpt lat="49.382575" lon="22.408841">
        <ele>480.784903</ele>
        <time>2026-05-29T18:49:05.268Z</time>
      </trkpt>
      <trkpt lat="49.382282" lon="22.409261">
        <ele>479.206274</ele>
        <time>2026-05-29T18:49:09.251Z</time>
      </trkpt>
      <trkpt lat="49.382014" lon="22.409591">
        <ele>477.772663</ele>
        <time>2026-05-29T18:49:12.604Z</time>
      </trkpt>
      <trkpt lat="49.381816" lon="22.409814">
        <ele>476.747910</ele>
        <time>2026-05-29T18:49:14.953Z</time>
      </trkpt>
      <trkpt lat="49.381247" lon="22.410481">
        <ele>473.760457</ele>
        <time>2026-05-29T18:49:21.650Z</time>
      </trkpt>
      <trkpt lat="49.381156" lon="22.410589">
        <ele>473.280477</ele>
        <time>2026-05-29T18:49:22.743Z</time>
      </trkpt>
      <trkpt lat="49.381040" lon="22.410726">
        <ele>473.080141</ele>
        <time>2026-05-29T18:49:24.137Z</time>
      </trkpt>
      <trkpt lat="49.380628" lon="22.411224">
        <ele>472.617699</ele>
        <time>2026-05-29T18:49:29.367Z</time>
      </trkpt>
      <trkpt lat="49.379833" lon="22.412252">
        <ele>471.701047</ele>
        <time>2026-05-29T18:49:46.050Z</time>
      </trkpt>
      <trkpt lat="49.379677" lon="22.412456">
        <ele>471.919668</ele>
        <time>2026-05-29T18:49:51.565Z</time>
      </trkpt>
      <trkpt lat="49.379414" lon="22.412802">
        <ele>473.079404</ele>
        <time>2026-05-29T18:50:01.280Z</time>
      </trkpt>
      <trkpt lat="49.379343" lon="22.412891">
        <ele>473.386325</ele>
        <time>2026-05-29T18:50:03.913Z</time>
      </trkpt>
      <trkpt lat="49.378973" lon="22.413385">
        <ele>475.028199</ele>
        <time>2026-05-29T18:50:18.892Z</time>
      </trkpt>
      <trkpt lat="49.378665" lon="22.413894">
        <ele>476.543389</ele>
        <time>2026-05-29T18:50:32.970Z</time>
      </trkpt>
      <trkpt lat="49.378374" lon="22.414438">
        <ele>477.889116</ele>
        <time>2026-05-29T18:50:46.350Z</time>
      </trkpt>
      <trkpt lat="49.377931" lon="22.415282">
        <ele>479.260305</ele>
        <time>2026-05-29T18:51:05.999Z</time>
      </trkpt>
      <trkpt lat="49.377881" lon="22.415378">
        <ele>479.415797</ele>
        <time>2026-05-29T18:51:07.923Z</time>
      </trkpt>
      <trkpt lat="49.377525" lon="22.416014">
        <ele>480.476636</ele>
        <time>2026-05-29T18:51:18.682Z</time>
      </trkpt>
      <trkpt lat="49.377243" lon="22.416390">
        <ele>481.196669</ele>
        <time>2026-05-29T18:51:24.514Z</time>
      </trkpt>
      <trkpt lat="49.376843" lon="22.416825">
        <ele>482.084678</ele>
        <time>2026-05-29T18:51:30.514Z</time>
      </trkpt>
      <trkpt lat="49.376462" lon="22.417070">
        <ele>482.833048</ele>
        <time>2026-05-29T18:51:35.936Z</time>
      </trkpt>
      <trkpt lat="49.376392" lon="22.417038">
        <ele>482.965376</ele>
        <time>2026-05-29T18:51:37.255Z</time>
      </trkpt>
      <trkpt lat="49.376321" lon="22.417067">
        <ele>483.098487</ele>
        <time>2026-05-29T18:51:38.639Z</time>
      </trkpt>
      <trkpt lat="49.376268" lon="22.417157">
        <ele>483.241642</ele>
        <time>2026-05-29T18:51:40.324Z</time>
      </trkpt>
      <trkpt lat="49.376258" lon="22.417278">
        <ele>483.385527</ele>
        <time>2026-05-29T18:51:42.094Z</time>
      </trkpt>
      <trkpt lat="49.376013" lon="22.417654">
        <ele>484.013053</ele>
        <time>2026-05-29T18:51:52.077Z</time>
      </trkpt>
      <trkpt lat="49.375787" lon="22.417859">
        <ele>484.954951</ele>
        <time>2026-05-29T18:52:01.812Z</time>
      </trkpt>
      <trkpt lat="49.375546" lon="22.417966">
        <ele>487.368604</ele>
        <time>2026-05-29T18:52:12.669Z</time>
      </trkpt>
      <trkpt lat="49.374794" lon="22.417955">
        <ele>494.604090</ele>
        <time>2026-05-29T18:52:53.455Z</time>
      </trkpt>
      <trkpt lat="49.374235" lon="22.417931">
        <ele>499.984453</ele>
        <time>2026-05-29T18:53:29.931Z</time>
      </trkpt>
      <trkpt lat="49.373967" lon="22.417915">
        <ele>502.344326</ele>
        <time>2026-05-29T18:53:46.645Z</time>
      </trkpt>
      <trkpt lat="49.373524" lon="22.417899">
        <ele>505.538329</ele>
        <time>2026-05-29T18:54:12.220Z</time>
      </trkpt>
      <trkpt lat="49.373176" lon="22.417946">
        <ele>508.056375</ele>
        <time>2026-05-29T18:54:30.549Z</time>
      </trkpt>
      <trkpt lat="49.373045" lon="22.418006">
        <ele>509.041712</ele>
        <time>2026-05-29T18:54:36.987Z</time>
      </trkpt>
      <trkpt lat="49.372803" lon="22.418241">
        <ele>511.105476</ele>
        <time>2026-05-29T18:54:49.052Z</time>
      </trkpt>
      <trkpt lat="49.372489" lon="22.418650">
        <ele>514.073186</ele>
        <time>2026-05-29T18:55:01.944Z</time>
      </trkpt>
      <trkpt lat="49.372143" lon="22.419086">
        <ele>513.152017</ele>
        <time>2026-05-29T18:55:08.772Z</time>
      </trkpt>
      <trkpt lat="49.371959" lon="22.419260">
        <ele>512.271245</ele>
        <time>2026-05-29T18:55:10.986Z</time>
      </trkpt>
      <trkpt lat="49.371427" lon="22.419669">
        <ele>509.846253</ele>
        <time>2026-05-29T18:55:16.611Z</time>
      </trkpt>
      <trkpt lat="49.371036" lon="22.419980">
        <ele>508.051446</ele>
        <time>2026-05-29T18:55:20.530Z</time>
      </trkpt>
      <trkpt lat="49.370307" lon="22.420549">
        <ele>502.959735</ele>
        <time>2026-05-29T18:55:27.696Z</time>
      </trkpt>
      <trkpt lat="49.370037" lon="22.420756">
        <ele>500.897887</ele>
        <time>2026-05-29T18:55:30.417Z</time>
      </trkpt>
      <trkpt lat="49.369936" lon="22.420832">
        <ele>500.129430</ele>
        <time>2026-05-29T18:55:31.450Z</time>
      </trkpt>
      <trkpt lat="49.369920" lon="22.420844">
        <ele>500.007771</ele>
        <time>2026-05-29T18:55:31.612Z</time>
      </trkpt>
      <trkpt lat="49.369766" lon="22.420905">
        <ele>498.921149</ele>
        <time>2026-05-29T18:55:33.073Z</time>
      </trkpt>
      <trkpt lat="49.369648" lon="22.420966">
        <ele>498.070475</ele>
        <time>2026-05-29T18:55:34.225Z</time>
      </trkpt>
      <trkpt lat="49.369596" lon="22.420930">
        <ele>497.680758</ele>
        <time>2026-05-29T18:55:34.751Z</time>
      </trkpt>
      <trkpt lat="49.369499" lon="22.420965">
        <ele>496.999969</ele>
        <time>2026-05-29T18:55:35.669Z</time>
      </trkpt>
      <trkpt lat="49.369448" lon="22.421092">
        <ele>496.336130</ele>
        <time>2026-05-29T18:55:36.561Z</time>
      </trkpt>
      <trkpt lat="49.369368" lon="22.421213">
        <ele>495.568946</ele>
        <time>2026-05-29T18:55:37.594Z</time>
      </trkpt>
      <trkpt lat="49.369313" lon="22.421312">
        <ele>494.995539</ele>
        <time>2026-05-29T18:55:38.374Z</time>
      </trkpt>
      <trkpt lat="49.369124" lon="22.421439">
        <ele>493.783581</ele>
        <time>2026-05-29T18:55:40.283Z</time>
      </trkpt>
      <trkpt lat="49.368849" lon="22.421583">
        <ele>492.076702</ele>
        <time>2026-05-29T18:55:43.026Z</time>
      </trkpt>
      <trkpt lat="49.366991" lon="22.422341">
        <ele>480.194043</ele>
        <time>2026-05-29T18:56:00.657Z</time>
      </trkpt>
      <trkpt lat="49.366558" lon="22.422543">
        <ele>477.110141</ele>
        <time>2026-05-29T18:56:04.729Z</time>
      </trkpt>
      <trkpt lat="49.366283" lon="22.422748">
        <ele>475.026965</ele>
        <time>2026-05-29T18:56:07.449Z</time>
      </trkpt>
      <trkpt lat="49.366006" lon="22.422995">
        <ele>472.844127</ele>
        <time>2026-05-29T18:56:10.298Z</time>
      </trkpt>
      <trkpt lat="49.365699" lon="22.423375">
        <ele>470.267286</ele>
        <time>2026-05-29T18:56:13.806Z</time>
      </trkpt>
      <trkpt lat="49.365455" lon="22.423769">
        <ele>467.984259</ele>
        <time>2026-05-29T18:56:16.979Z</time>
      </trkpt>
      <trkpt lat="49.364942" lon="22.424761">
        <ele>462.665245</ele>
        <time>2026-05-29T18:56:24.462Z</time>
      </trkpt>
      <trkpt lat="49.364722" lon="22.425066">
        <ele>460.754115</ele>
        <time>2026-05-29T18:56:27.239Z</time>
      </trkpt>
      <trkpt lat="49.364386" lon="22.425385">
        <ele>458.673552</ele>
        <time>2026-05-29T18:56:31.007Z</time>
      </trkpt>
      <trkpt lat="49.363985" lon="22.425583">
        <ele>456.485166</ele>
        <time>2026-05-29T18:56:35.044Z</time>
      </trkpt>
      <trkpt lat="49.363865" lon="22.425626">
        <ele>455.844977</ele>
        <time>2026-05-29T18:56:36.215Z</time>
      </trkpt>
      <trkpt lat="49.363416" lon="22.425772">
        <ele>453.460546</ele>
        <time>2026-05-29T18:56:40.506Z</time>
      </trkpt>
      <trkpt lat="49.363326" lon="22.425805">
        <ele>452.979821</ele>
        <time>2026-05-29T18:56:41.359Z</time>
      </trkpt>
      <trkpt lat="49.363132" lon="22.425867">
        <ele>451.950329</ele>
        <time>2026-05-29T18:56:43.164Z</time>
      </trkpt>
      <trkpt lat="49.362485" lon="22.426026">
        <ele>449.631822</ele>
        <time>2026-05-29T18:56:49.217Z</time>
      </trkpt>
      <trkpt lat="49.362232" lon="22.425999">
        <ele>448.840487</ele>
        <time>2026-05-29T18:56:51.616Z</time>
      </trkpt>
      <trkpt lat="49.361907" lon="22.425882">
        <ele>447.798895</ele>
        <time>2026-05-29T18:56:54.858Z</time>
      </trkpt>
      <trkpt lat="49.359905" lon="22.425003">
        <ele>445.030604</ele>
        <time>2026-05-29T18:57:25.675Z</time>
      </trkpt>
      <trkpt lat="49.358830" lon="22.424508">
        <ele>441.546135</ele>
        <time>2026-05-29T18:57:38.621Z</time>
      </trkpt>
      <trkpt lat="49.358580" lon="22.424291">
        <ele>440.224294</ele>
        <time>2026-05-29T18:57:41.295Z</time>
      </trkpt>
      <trkpt lat="49.358357" lon="22.423921">
        <ele>438.713047</ele>
        <time>2026-05-29T18:57:44.270Z</time>
      </trkpt>
      <trkpt lat="49.358260" lon="22.423644">
        <ele>437.770223</ele>
        <time>2026-05-29T18:57:46.095Z</time>
      </trkpt>
      <trkpt lat="49.358212" lon="22.423392">
        <ele>436.983114</ele>
        <time>2026-05-29T18:57:47.607Z</time>
      </trkpt>
      <trkpt lat="49.358089" lon="22.422222">
        <ele>432.765249</ele>
        <time>2026-05-29T18:57:54.451Z</time>
      </trkpt>
      <trkpt lat="49.358065" lon="22.421961">
        <ele>431.807780</ele>
        <time>2026-05-29T18:57:56.030Z</time>
      </trkpt>
      <trkpt lat="49.357908" lon="22.420414">
        <ele>426.436771</ele>
        <time>2026-05-29T18:58:05.814Z</time>
      </trkpt>
      <trkpt lat="49.357690" lon="22.418325">
        <ele>424.535696</ele>
        <time>2026-05-29T18:58:20.667Z</time>
      </trkpt>
      <trkpt lat="49.357616" lon="22.418020">
        <ele>424.243231</ele>
        <time>2026-05-29T18:58:24.940Z</time>
      </trkpt>
      <trkpt lat="49.357531" lon="22.417803">
        <ele>424.229715</ele>
        <time>2026-05-29T18:58:28.394Z</time>
      </trkpt>
      <trkpt lat="49.357472" lon="22.417655">
        <ele>424.839281</ele>
        <time>2026-05-29T18:58:31.133Z</time>
      </trkpt>
      <trkpt lat="49.357246" lon="22.417330">
        <ele>426.509384</ele>
        <time>2026-05-29T18:58:40.643Z</time>
      </trkpt>
      <trkpt lat="49.357050" lon="22.417178">
        <ele>427.693701</ele>
        <time>2026-05-29T18:58:48.929Z</time>
      </trkpt>
      <trkpt lat="49.357138" lon="22.416935">
        <ele>428.670423</ele>
        <time>2026-05-29T18:59:00.540Z</time>
      </trkpt>
      <trkpt lat="49.357050" lon="22.417178">
        <ele>429.647144</ele>
        <time>2026-05-29T18:59:12.353Z</time>
      </trkpt>
      <trkpt lat="49.356488" lon="22.416949">
        <ele>432.783187</ele>
        <time>2026-05-29T18:59:38.374Z</time>
      </trkpt>
      <trkpt lat="49.355429" lon="22.416535">
        <ele>439.264051</ele>
        <time>2026-05-29T19:00:21.948Z</time>
      </trkpt>
      <trkpt lat="49.354808" lon="22.416304">
        <ele>443.121675</ele>
        <time>2026-05-29T19:00:45.322Z</time>
      </trkpt>
      <trkpt lat="49.353789" lon="22.415911">
        <ele>450.274589</ele>
        <time>2026-05-29T19:01:25.886Z</time>
      </trkpt>
      <trkpt lat="49.352250" lon="22.414743">
        <ele>461.673557</ele>
        <time>2026-05-29T19:02:46.709Z</time>
      </trkpt>
      <trkpt lat="49.351636" lon="22.414529">
        <ele>465.500431</ele>
        <time>2026-05-29T19:03:12.288Z</time>
      </trkpt>
      <trkpt lat="49.351532" lon="22.414523">
        <ele>466.132990</ele>
        <time>2026-05-29T19:03:15.640Z</time>
      </trkpt>
      <trkpt lat="49.351452" lon="22.414559">
        <ele>466.639692</ele>
        <time>2026-05-29T19:03:18.226Z</time>
      </trkpt>
      <trkpt lat="49.351370" lon="22.414726">
        <ele>467.467698</ele>
        <time>2026-05-29T19:03:22.068Z</time>
      </trkpt>
      <trkpt lat="49.351384" lon="22.414904">
        <ele>468.177577</ele>
        <time>2026-05-29T19:03:25.080Z</time>
      </trkpt>
      <trkpt lat="49.351415" lon="22.414961">
        <ele>468.410588</ele>
        <time>2026-05-29T19:03:26.329Z</time>
      </trkpt>
      <trkpt lat="49.351525" lon="22.415028">
        <ele>468.952180</ele>
        <time>2026-05-29T19:03:29.180Z</time>
      </trkpt>
      <trkpt lat="49.352151" lon="22.415101">
        <ele>471.825319</ele>
        <time>2026-05-29T19:03:42.524Z</time>
      </trkpt>
      <trkpt lat="49.352381" lon="22.415273">
        <ele>472.996163</ele>
        <time>2026-05-29T19:03:48.853Z</time>
      </trkpt>
      <trkpt lat="49.352560" lon="22.415591">
        <ele>474.249075</ele>
        <time>2026-05-29T19:03:57.666Z</time>
      </trkpt>
      <trkpt lat="49.352604" lon="22.415774">
        <ele>474.830600</ele>
        <time>2026-05-29T19:04:02.660Z</time>
      </trkpt>
      <trkpt lat="49.352623" lon="22.415977">
        <ele>475.441985</ele>
        <time>2026-05-29T19:04:08.599Z</time>
      </trkpt>
      <trkpt lat="49.352611" lon="22.416246">
        <ele>476.245789</ele>
        <time>2026-05-29T19:04:17.054Z</time>
      </trkpt>
      <trkpt lat="49.352488" lon="22.416643">
        <ele>478.616591</ele>
        <time>2026-05-29T19:04:32.479Z</time>
      </trkpt>
      <trkpt lat="49.352099" lon="22.417245">
        <ele>483.580594</ele>
        <time>2026-05-29T19:05:06.133Z</time>
      </trkpt>
      <trkpt lat="49.351970" lon="22.417351">
        <ele>484.895538</ele>
        <time>2026-05-29T19:05:14.952Z</time>
      </trkpt>
      <trkpt lat="49.351867" lon="22.417390">
        <ele>485.848932</ele>
        <time>2026-05-29T19:05:21.092Z</time>
      </trkpt>
      <trkpt lat="49.351718" lon="22.417405">
        <ele>487.190860</ele>
        <time>2026-05-29T19:05:29.641Z</time>
      </trkpt>
      <trkpt lat="49.351596" lon="22.417365">
        <ele>488.311992</ele>
        <time>2026-05-29T19:05:36.378Z</time>
      </trkpt>
      <trkpt lat="49.351376" lon="22.417220">
        <ele>490.463639</ele>
        <time>2026-05-29T19:05:48.325Z</time>
      </trkpt>
      <trkpt lat="49.351278" lon="22.417105">
        <ele>491.572203</ele>
        <time>2026-05-29T19:05:53.739Z</time>
      </trkpt>
      <trkpt lat="49.349671" lon="22.414051">
        <ele>506.181782</ele>
        <time>2026-05-29T19:07:17.747Z</time>
      </trkpt>
      <trkpt lat="49.349012" lon="22.412802">
        <ele>513.829800</ele>
        <time>2026-05-29T19:08:10.098Z</time>
      </trkpt>
      <trkpt lat="49.348910" lon="22.412654">
        <ele>514.886459</ele>
        <time>2026-05-29T19:08:17.775Z</time>
      </trkpt>
      <trkpt lat="49.348673" lon="22.412401">
        <ele>517.288822</ele>
        <time>2026-05-29T19:08:33.159Z</time>
      </trkpt>
      <trkpt lat="49.348532" lon="22.412304">
        <ele>518.574676</ele>
        <time>2026-05-29T19:08:41.056Z</time>
      </trkpt>
      <trkpt lat="49.348377" lon="22.412246">
        <ele>519.902360</ele>
        <time>2026-05-29T19:08:48.979Z</time>
      </trkpt>
      <trkpt lat="49.346749" lon="22.411977">
        <ele>533.437986</ele>
        <time>2026-05-29T19:10:04.771Z</time>
      </trkpt>
      <trkpt lat="49.344703" lon="22.411912">
        <ele>547.365167</ele>
        <time>2026-05-29T19:11:43.262Z</time>
      </trkpt>
      <trkpt lat="49.344409" lon="22.412030">
        <ele>548.692305</ele>
        <time>2026-05-29T19:11:53.298Z</time>
      </trkpt>
      <trkpt lat="49.344242" lon="22.412170">
        <ele>549.523326</ele>
        <time>2026-05-29T19:11:58.619Z</time>
      </trkpt>
      <trkpt lat="49.344112" lon="22.412353">
        <ele>550.293683</ele>
        <time>2026-05-29T19:12:02.868Z</time>
      </trkpt>
      <trkpt lat="49.344023" lon="22.412518">
        <ele>550.903178</ele>
        <time>2026-05-29T19:12:05.783Z</time>
      </trkpt>
      <trkpt lat="49.343905" lon="22.412890">
        <ele>552.072089</ele>
        <time>2026-05-29T19:12:10.253Z</time>
      </trkpt>
      <trkpt lat="49.343322" lon="22.416014">
        <ele>546.288040</ele>
        <time>2026-05-29T19:12:32.219Z</time>
      </trkpt>
      <trkpt lat="49.343268" lon="22.416263">
        <ele>545.479542</ele>
        <time>2026-05-29T19:12:33.843Z</time>
      </trkpt>
      <trkpt lat="49.343117" lon="22.416733">
        <ele>543.865091</ele>
        <time>2026-05-29T19:12:37.065Z</time>
      </trkpt>
      <trkpt lat="49.342904" lon="22.417179">
        <ele>542.161442</ele>
        <time>2026-05-29T19:12:40.448Z</time>
      </trkpt>
      <trkpt lat="49.342643" lon="22.417547">
        <ele>540.485576</ele>
        <time>2026-05-29T19:12:43.753Z</time>
      </trkpt>
      <trkpt lat="49.342483" lon="22.417726">
        <ele>539.549348</ele>
        <time>2026-05-29T19:12:45.577Z</time>
      </trkpt>
      <trkpt lat="49.342280" lon="22.417894">
        <ele>538.230833</ele>
        <time>2026-05-29T19:12:47.705Z</time>
      </trkpt>
      <trkpt lat="49.341979" lon="22.418033">
        <ele>536.339393</ele>
        <time>2026-05-29T19:12:50.605Z</time>
      </trkpt>
      <trkpt lat="49.341633" lon="22.418091">
        <ele>534.244995</ele>
        <time>2026-05-29T19:12:53.819Z</time>
      </trkpt>
      <trkpt lat="49.341133" lon="22.418046">
        <ele>531.231133</ele>
        <time>2026-05-29T19:12:58.393Z</time>
      </trkpt>
      <trkpt lat="49.339620" lon="22.417766">
        <ele>522.664371</ele>
        <time>2026-05-29T19:13:12.245Z</time>
      </trkpt>
      <trkpt lat="49.339422" lon="22.417746">
        <ele>521.582745</ele>
        <time>2026-05-29T19:13:14.128Z</time>
      </trkpt>
      <trkpt lat="49.339244" lon="22.417770">
        <ele>520.608736</ele>
        <time>2026-05-29T19:13:15.841Z</time>
      </trkpt>
      <trkpt lat="49.339057" lon="22.417848">
        <ele>519.552430</ele>
        <time>2026-05-29T19:13:17.712Z</time>
      </trkpt>
      <trkpt lat="49.338913" lon="22.417952">
        <ele>518.684921</ele>
        <time>2026-05-29T19:13:19.271Z</time>
      </trkpt>
      <trkpt lat="49.338708" lon="22.418180">
        <ele>517.893895</ele>
        <time>2026-05-29T19:13:21.797Z</time>
      </trkpt>
      <trkpt lat="49.338556" lon="22.418449">
        <ele>517.175820</ele>
        <time>2026-05-29T19:13:24.156Z</time>
      </trkpt>
      <trkpt lat="49.338092" lon="22.419787">
        <ele>514.119058</ele>
        <time>2026-05-29T19:13:34.363Z</time>
      </trkpt>
      <trkpt lat="49.337235" lon="22.422430">
        <ele>507.963517</ele>
        <time>2026-05-29T19:13:54.345Z</time>
      </trkpt>
      <trkpt lat="49.337061" lon="22.423070">
        <ele>505.543522</ele>
        <time>2026-05-29T19:13:58.648Z</time>
      </trkpt>
      <trkpt lat="49.337054" lon="22.423428">
        <ele>503.883700</ele>
        <time>2026-05-29T19:14:00.807Z</time>
      </trkpt>
      <trkpt lat="49.337092" lon="22.423676">
        <ele>502.703049</ele>
        <time>2026-05-29T19:14:02.323Z</time>
      </trkpt>
      <trkpt lat="49.337253" lon="22.424143">
        <ele>500.254597</ele>
        <time>2026-05-29T19:14:05.425Z</time>
      </trkpt>
      <trkpt lat="49.337546" lon="22.424827">
        <ele>496.461154</ele>
        <time>2026-05-29T19:14:10.108Z</time>
      </trkpt>
      <trkpt lat="49.337653" lon="22.425143">
        <ele>494.810811</ele>
        <time>2026-05-29T19:14:12.094Z</time>
      </trkpt>
      <trkpt lat="49.337690" lon="22.425379">
        <ele>493.685375</ele>
        <time>2026-05-29T19:14:13.450Z</time>
      </trkpt>
      <trkpt lat="49.337691" lon="22.425550">
        <ele>492.892368</ele>
        <time>2026-05-29T19:14:14.410Z</time>
      </trkpt>
      <trkpt lat="49.337649" lon="22.425864">
        <ele>491.405898</ele>
        <time>2026-05-29T19:14:16.214Z</time>
      </trkpt>
      <trkpt lat="49.337599" lon="22.426029">
        <ele>490.562050</ele>
        <time>2026-05-29T19:14:17.248Z</time>
      </trkpt>
      <trkpt lat="49.337502" lon="22.426205">
        <ele>489.493091</ele>
        <time>2026-05-29T19:14:18.569Z</time>
      </trkpt>
      <trkpt lat="49.337399" lon="22.426322">
        <ele>488.581112</ele>
        <time>2026-05-29T19:14:19.701Z</time>
      </trkpt>
      <trkpt lat="49.337109" lon="22.426497">
        <ele>486.363431</ele>
        <time>2026-05-29T19:14:22.502Z</time>
      </trkpt>
      <trkpt lat="49.336868" lon="22.426485">
        <ele>484.647388</ele>
        <time>2026-05-29T19:14:24.700Z</time>
      </trkpt>
      <trkpt lat="49.336486" lon="22.426296">
        <ele>481.790991</ele>
        <time>2026-05-29T19:14:28.461Z</time>
      </trkpt>
      <trkpt lat="49.335319" lon="22.425661">
        <ele>476.176212</ele>
        <time>2026-05-29T19:14:41.425Z</time>
      </trkpt>
      <trkpt lat="49.335133" lon="22.425557">
        <ele>475.283048</ele>
        <time>2026-05-29T19:14:43.314Z</time>
      </trkpt>
      <trkpt lat="49.334794" lon="22.425495">
        <ele>473.742721</ele>
        <time>2026-05-29T19:14:46.432Z</time>
      </trkpt>
      <trkpt lat="49.334469" lon="22.425544">
        <ele>470.610966</ele>
        <time>2026-05-29T19:14:49.313Z</time>
      </trkpt>
      <trkpt lat="49.333205" lon="22.425773">
        <ele>457.703608</ele>
        <time>2026-05-29T19:15:00.090Z</time>
      </trkpt>
      <trkpt lat="49.333035" lon="22.425789">
        <ele>455.976383</ele>
        <time>2026-05-29T19:15:01.552Z</time>
      </trkpt>
      <trkpt lat="49.332888" lon="22.425752">
        <ele>454.707408</ele>
        <time>2026-05-29T19:15:02.837Z</time>
      </trkpt>
      <trkpt lat="49.332687" lon="22.425612">
        <ele>453.075043</ele>
        <time>2026-05-29T19:15:04.766Z</time>
      </trkpt>
      <trkpt lat="49.332589" lon="22.425493">
        <ele>452.150871</ele>
        <time>2026-05-29T19:15:05.856Z</time>
      </trkpt>
      <trkpt lat="49.332466" lon="22.425221">
        <ele>450.555382</ele>
        <time>2026-05-29T19:15:07.770Z</time>
      </trkpt>
      <trkpt lat="49.332408" lon="22.424900">
        <ele>448.950073</ele>
        <time>2026-05-29T19:15:09.693Z</time>
      </trkpt>
      <trkpt lat="49.332366" lon="22.424324">
        <ele>446.156914</ele>
        <time>2026-05-29T19:15:13.123Z</time>
      </trkpt>
      <trkpt lat="49.332229" lon="22.422616">
        <ele>439.305716</ele>
        <time>2026-05-29T19:15:23.538Z</time>
      </trkpt>
      <trkpt lat="49.332239" lon="22.422181">
        <ele>437.929411</ele>
        <time>2026-05-29T19:15:26.133Z</time>
      </trkpt>
      <trkpt lat="49.332328" lon="22.421788">
        <ele>436.613870</ele>
        <time>2026-05-29T19:15:28.641Z</time>
      </trkpt>
      <trkpt lat="49.332396" lon="22.421609">
        <ele>435.958734</ele>
        <time>2026-05-29T19:15:29.910Z</time>
      </trkpt>
      <trkpt lat="49.333163" lon="22.419936">
        <ele>430.759641</ele>
        <time>2026-05-29T19:15:43.440Z</time>
      </trkpt>
      <trkpt lat="49.333374" lon="22.419488">
        <ele>429.589471</ele>
        <time>2026-05-29T19:15:47.269Z</time>
      </trkpt>
      <trkpt lat="49.333768" lon="22.418631">
        <ele>427.379787</ele>
        <time>2026-05-29T19:15:54.098Z</time>
      </trkpt>
      <trkpt lat="49.333914" lon="22.418144">
        <ele>426.347058</ele>
        <time>2026-05-29T19:15:57.534Z</time>
      </trkpt>
      <trkpt lat="49.333957" lon="22.417660">
        <ele>425.406008</ele>
        <time>2026-05-29T19:16:00.565Z</time>
      </trkpt>
      <trkpt lat="49.333920" lon="22.417284">
        <ele>424.673433</ele>
        <time>2026-05-29T19:16:02.935Z</time>
      </trkpt>
      <trkpt lat="49.333835" lon="22.416925">
        <ele>423.937584</ele>
        <time>2026-05-29T19:16:05.338Z</time>
      </trkpt>
      <trkpt lat="49.333752" lon="22.416727">
        <ele>423.484030</ele>
        <time>2026-05-29T19:16:06.840Z</time>
      </trkpt>
      <trkpt lat="49.333614" lon="22.416501">
        <ele>422.887366</ele>
        <time>2026-05-29T19:16:08.872Z</time>
      </trkpt>
      <trkpt lat="49.333506" lon="22.416354">
        <ele>422.460583</ele>
        <time>2026-05-29T19:16:10.479Z</time>
      </trkpt>
      <trkpt lat="49.333346" lon="22.416206">
        <ele>422.556777</ele>
        <time>2026-05-29T19:16:13.255Z</time>
      </trkpt>
      <trkpt lat="49.333106" lon="22.416069">
        <ele>423.678486</ele>
        <time>2026-05-29T19:16:19.903Z</time>
      </trkpt>
      <trkpt lat="49.332873" lon="22.416025">
        <ele>424.706849</ele>
        <time>2026-05-29T19:16:27.915Z</time>
      </trkpt>
      <trkpt lat="49.332582" lon="22.416079">
        <ele>425.990868</ele>
        <time>2026-05-29T19:16:38.594Z</time>
      </trkpt>
      <trkpt lat="49.332269" lon="22.416274">
        <ele>427.470665</ele>
        <time>2026-05-29T19:16:52.097Z</time>
      </trkpt>
      <trkpt lat="49.332214" lon="22.416335">
        <ele>427.767935</ele>
        <time>2026-05-29T19:16:54.948Z</time>
      </trkpt>
      <trkpt lat="49.332020" lon="22.416574">
        <ele>428.857745</ele>
        <time>2026-05-29T19:17:05.886Z</time>
      </trkpt>
      <trkpt lat="49.330921" lon="22.418191">
        <ele>434.948708</ele>
        <time>2026-05-29T19:18:02.027Z</time>
      </trkpt>
      <trkpt lat="49.330490" lon="22.418818">
        <ele>437.072530</ele>
        <time>2026-05-29T19:18:13.135Z</time>
      </trkpt>
      <trkpt lat="49.330330" lon="22.419058">
        <ele>436.961440</ele>
        <time>2026-05-29T19:18:16.148Z</time>
      </trkpt>
      <trkpt lat="49.330157" lon="22.419244">
        <ele>436.856560</ele>
        <time>2026-05-29T19:18:18.679Z</time>
      </trkpt>
      <trkpt lat="49.330010" lon="22.419345">
        <ele>436.776593</ele>
        <time>2026-05-29T19:18:20.512Z</time>
      </trkpt>
      <trkpt lat="49.329793" lon="22.419427">
        <ele>436.665634</ele>
        <time>2026-05-29T19:18:23.069Z</time>
      </trkpt>
      <trkpt lat="49.329575" lon="22.419455">
        <ele>436.557020</ele>
        <time>2026-05-29T19:18:25.612Z</time>
      </trkpt>
      <trkpt lat="49.329311" lon="22.419412">
        <ele>436.425208</ele>
        <time>2026-05-29T19:18:28.789Z</time>
      </trkpt>
      <trkpt lat="49.329119" lon="22.419293">
        <ele>436.322398</ele>
        <time>2026-05-29T19:18:31.465Z</time>
      </trkpt>
      <trkpt lat="49.328987" lon="22.419164">
        <ele>436.244697</ele>
        <time>2026-05-29T19:18:33.649Z</time>
      </trkpt>
      <trkpt lat="49.327989" lon="22.417941">
        <ele>435.573534</ele>
        <time>2026-05-29T19:18:54.764Z</time>
      </trkpt>
      <trkpt lat="49.327619" lon="22.417635">
        <ele>435.351788</ele>
        <time>2026-05-29T19:18:59.761Z</time>
      </trkpt>
      <trkpt lat="49.326801" lon="22.417236">
        <ele>434.111238</ele>
        <time>2026-05-29T19:19:08.767Z</time>
      </trkpt>
      <trkpt lat="49.326663" lon="22.417122">
        <ele>433.844816</ele>
        <time>2026-05-29T19:19:10.378Z</time>
      </trkpt>
      <trkpt lat="49.326550" lon="22.417026">
        <ele>433.625251</ele>
        <time>2026-05-29T19:19:11.705Z</time>
      </trkpt>
      <trkpt lat="49.325582" lon="22.415910">
        <ele>432.151852</ele>
        <time>2026-05-29T19:19:26.532Z</time>
      </trkpt>
      <trkpt lat="49.325471" lon="22.415818">
        <ele>432.136806</ele>
        <time>2026-05-29T19:19:28.671Z</time>
      </trkpt>
      <trkpt lat="49.325110" lon="22.415676">
        <ele>432.092362</ele>
        <time>2026-05-29T19:19:34.964Z</time>
      </trkpt>
      <trkpt lat="49.324002" lon="22.415586">
        <ele>431.803134</ele>
        <time>2026-05-29T19:19:52.388Z</time>
      </trkpt>
      <trkpt lat="49.322297" lon="22.415450">
        <ele>429.988984</ele>
        <time>2026-05-29T19:20:12.962Z</time>
      </trkpt>
      <trkpt lat="49.321616" lon="22.415362">
        <ele>428.381818</ele>
        <time>2026-05-29T19:20:20.318Z</time>
      </trkpt>
      <trkpt lat="49.321519" lon="22.415332">
        <ele>428.149116</ele>
        <time>2026-05-29T19:20:21.369Z</time>
      </trkpt>
      <trkpt lat="49.319913" lon="22.414714">
        <ele>424.030476</ele>
        <time>2026-05-29T19:20:38.566Z</time>
      </trkpt>
      <trkpt lat="49.319514" lon="22.414533">
        <ele>422.923465</ele>
        <time>2026-05-29T19:20:42.639Z</time>
      </trkpt>
      <trkpt lat="49.318702" lon="22.414067">
        <ele>421.301771</ele>
        <time>2026-05-29T19:20:51.875Z</time>
      </trkpt>
      <trkpt lat="49.318000" lon="22.413647">
        <ele>421.728311</ele>
        <time>2026-05-29T19:21:05.691Z</time>
      </trkpt>
      <trkpt lat="49.317431" lon="22.413317">
        <ele>422.072660</ele>
        <time>2026-05-29T19:21:20.969Z</time>
      </trkpt>
      <trkpt lat="49.317315" lon="22.413250">
        <ele>422.142826</ele>
        <time>2026-05-29T19:21:23.965Z</time>
      </trkpt>
      <trkpt lat="49.316153" lon="22.412577">
        <ele>422.350931</ele>
        <time>2026-05-29T19:21:41.268Z</time>
      </trkpt>
      <trkpt lat="49.315041" lon="22.411925">
        <ele>424.009488</ele>
        <time>2026-05-29T19:21:58.105Z</time>
      </trkpt>
      <trkpt lat="49.314275" lon="22.411478">
        <ele>426.424758</ele>
        <time>2026-05-29T19:22:22.738Z</time>
      </trkpt>
      <trkpt lat="49.314201" lon="22.411431">
        <ele>426.660795</ele>
        <time>2026-05-29T19:22:25.560Z</time>
      </trkpt>
      <trkpt lat="49.313833" lon="22.411220">
        <ele>427.840169</ele>
        <time>2026-05-29T19:22:40.625Z</time>
      </trkpt>
      <trkpt lat="49.313057" lon="22.410788">
        <ele>430.929513</ele>
        <time>2026-05-29T19:23:08.431Z</time>
      </trkpt>
      <trkpt lat="49.312507" lon="22.410661">
        <ele>433.010957</ele>
        <time>2026-05-29T19:23:23.688Z</time>
      </trkpt>
      <trkpt lat="49.312305" lon="22.410657">
        <ele>433.766961</ele>
        <time>2026-05-29T19:23:28.835Z</time>
      </trkpt>
      <trkpt lat="49.310255" lon="22.410599">
        <ele>438.436002</ele>
        <time>2026-05-29T19:24:16.153Z</time>
      </trkpt>
      <trkpt lat="49.310050" lon="22.410590">
        <ele>438.738184</ele>
        <time>2026-05-29T19:24:21.414Z</time>
      </trkpt>
      <trkpt lat="49.308680" lon="22.410554">
        <ele>440.757109</ele>
        <time>2026-05-29T19:24:53.151Z</time>
      </trkpt>
      <trkpt lat="49.306300" lon="22.410386">
        <ele>437.916218</ele>
        <time>2026-05-29T19:25:20.228Z</time>
      </trkpt>
      <trkpt lat="49.305993" lon="22.410388">
        <ele>437.411387</ele>
        <time>2026-05-29T19:25:23.446Z</time>
      </trkpt>
      <trkpt lat="49.305762" lon="22.410468">
        <ele>437.021970</ele>
        <time>2026-05-29T19:25:25.939Z</time>
      </trkpt>
      <trkpt lat="49.305600" lon="22.410562">
        <ele>436.737151</ele>
        <time>2026-05-29T19:25:27.825Z</time>
      </trkpt>
      <trkpt lat="49.305479" lon="22.410674">
        <ele>436.504752</ele>
        <time>2026-05-29T19:25:29.396Z</time>
      </trkpt>
      <trkpt lat="49.305379" lon="22.410797">
        <ele>436.293962</ele>
        <time>2026-05-29T19:25:30.854Z</time>
      </trkpt>
      <trkpt lat="49.305077" lon="22.411315">
        <ele>435.648932</ele>
        <time>2026-05-29T19:25:36.386Z</time>
      </trkpt>
      <trkpt lat="49.303894" lon="22.413482">
        <ele>435.262837</ele>
        <time>2026-05-29T19:26:05.883Z</time>
      </trkpt>
      <trkpt lat="49.303751" lon="22.413830">
        <ele>434.809126</ele>
        <time>2026-05-29T19:26:09.013Z</time>
      </trkpt>
      <trkpt lat="49.303654" lon="22.414282">
        <ele>434.284257</ele>
        <time>2026-05-29T19:26:12.505Z</time>
      </trkpt>
      <trkpt lat="49.303639" lon="22.414629">
        <ele>433.900672</ele>
        <time>2026-05-29T19:26:15.000Z</time>
      </trkpt>
      <trkpt lat="49.303680" lon="22.415000">
        <ele>433.485619</ele>
        <time>2026-05-29T19:26:17.657Z</time>
      </trkpt>
      <trkpt lat="49.303758" lon="22.415299">
        <ele>433.130404</ele>
        <time>2026-05-29T19:26:19.862Z</time>
      </trkpt>
      <trkpt lat="49.303837" lon="22.415500">
        <ele>432.871537</ele>
        <time>2026-05-29T19:26:21.465Z</time>
      </trkpt>
      <trkpt lat="49.304028" lon="22.415823">
        <ele>432.396247</ele>
        <time>2026-05-29T19:26:24.463Z</time>
      </trkpt>
      <trkpt lat="49.304374" lon="22.416138">
        <ele>431.971851</ele>
        <time>2026-05-29T19:26:28.800Z</time>
      </trkpt>
      <trkpt lat="49.305186" lon="22.416687">
        <ele>431.035874</ele>
        <time>2026-05-29T19:26:39.825Z</time>
      </trkpt>
      <trkpt lat="49.306291" lon="22.417438">
        <ele>430.747630</ele>
        <time>2026-05-29T19:26:56.926Z</time>
      </trkpt>
      <trkpt lat="49.306891" lon="22.417847">
        <ele>430.969153</ele>
        <time>2026-05-29T19:27:08.294Z</time>
      </trkpt>
      <trkpt lat="49.307477" lon="22.418241">
        <ele>431.273108</ele>
        <time>2026-05-29T19:27:19.755Z</time>
      </trkpt>
      <trkpt lat="49.308042" lon="22.418653">
        <ele>431.751104</ele>
        <time>2026-05-29T19:27:31.965Z</time>
      </trkpt>
      <trkpt lat="49.308247" lon="22.418859">
        <ele>431.938359</ele>
        <time>2026-05-29T19:27:36.983Z</time>
      </trkpt>
      <trkpt lat="49.308369" lon="22.419027">
        <ele>432.063630</ele>
        <time>2026-05-29T19:27:40.299Z</time>
      </trkpt>
      <trkpt lat="49.308575" lon="22.419441">
        <ele>432.323064</ele>
        <time>2026-05-29T19:27:46.666Z</time>
      </trkpt>
      <trkpt lat="49.308664" lon="22.419721">
        <ele>432.478240</ele>
        <time>2026-05-29T19:27:49.922Z</time>
      </trkpt>
      <trkpt lat="49.308715" lon="22.419970">
        <ele>432.290088</ele>
        <time>2026-05-29T19:27:52.189Z</time>
      </trkpt>
      <trkpt lat="49.308752" lon="22.420459">
        <ele>431.877593</ele>
        <time>2026-05-29T19:27:55.955Z</time>
      </trkpt>
      <trkpt lat="49.308688" lon="22.421096">
        <ele>431.337535</ele>
        <time>2026-05-29T19:28:00.613Z</time>
      </trkpt>
      <trkpt lat="49.308466" lon="22.421882">
        <ele>430.619781</ele>
        <time>2026-05-29T19:28:06.607Z</time>
      </trkpt>
      <trkpt lat="49.308184" lon="22.422826">
        <ele>431.225643</ele>
        <time>2026-05-29T19:28:14.365Z</time>
      </trkpt>
      <trkpt lat="49.307973" lon="22.423600">
        <ele>432.945006</ele>
        <time>2026-05-29T19:28:26.253Z</time>
      </trkpt>
      <trkpt lat="49.307918" lon="22.424080">
        <ele>433.943828</ele>
        <time>2026-05-29T19:28:36.304Z</time>
      </trkpt>
      <trkpt lat="49.307922" lon="22.424222">
        <ele>434.235124</ele>
        <time>2026-05-29T19:28:39.543Z</time>
      </trkpt>
      <trkpt lat="49.308040" lon="22.426358">
        <ele>441.673562</ele>
        <time>2026-05-29T19:29:40.967Z</time>
      </trkpt>
      <trkpt lat="49.308079" lon="22.426688">
        <ele>443.109320</ele>
        <time>2026-05-29T19:29:50.617Z</time>
      </trkpt>
      <trkpt lat="49.308150" lon="22.427027">
        <ele>444.633625</ele>
        <time>2026-05-29T19:30:00.409Z</time>
      </trkpt>
      <trkpt lat="49.308372" lon="22.427531">
        <ele>447.237496</ele>
        <time>2026-05-29T19:30:16.138Z</time>
      </trkpt>
      <trkpt lat="49.310066" lon="22.430522">
        <ele>458.145804</ele>
        <time>2026-05-29T19:31:37.679Z</time>
      </trkpt>
      <trkpt lat="49.310159" lon="22.430723">
        <ele>458.717564</ele>
        <time>2026-05-29T19:31:42.276Z</time>
      </trkpt>
      <trkpt lat="49.310966" lon="22.432930">
        <ele>464.685598</ele>
        <time>2026-05-29T19:32:26.698Z</time>
      </trkpt>
      <trkpt lat="49.311114" lon="22.433200">
        <ele>465.534596</ele>
        <time>2026-05-29T19:32:33.222Z</time>
      </trkpt>
      <trkpt lat="49.311287" lon="22.433444">
        <ele>466.402208</ele>
        <time>2026-05-29T19:32:40.125Z</time>
      </trkpt>
      <trkpt lat="49.311652" lon="22.433796">
        <ele>467.993859</ele>
        <time>2026-05-29T19:32:53.573Z</time>
      </trkpt>
      <trkpt lat="49.313751" lon="22.435235">
        <ele>479.197321</ele>
        <time>2026-05-29T19:34:15.037Z</time>
      </trkpt>
      <trkpt lat="49.313941" lon="22.435392">
        <ele>480.201114</ele>
        <time>2026-05-29T19:34:22.358Z</time>
      </trkpt>
      <trkpt lat="49.314160" lon="22.435589">
        <ele>481.381954</ele>
        <time>2026-05-29T19:34:30.737Z</time>
      </trkpt>
      <trkpt lat="49.314465" lon="22.436042">
        <ele>483.356581</ele>
        <time>2026-05-29T19:34:44.507Z</time>
      </trkpt>
      <trkpt lat="49.314552" lon="22.436216">
        <ele>484.021486</ele>
        <time>2026-05-29T19:34:49.100Z</time>
      </trkpt>
      <trkpt lat="49.314692" lon="22.436645">
        <ele>485.476156</ele>
        <time>2026-05-29T19:34:59.133Z</time>
      </trkpt>
      <trkpt lat="49.314802" lon="22.437227">
        <ele>487.664805</ele>
        <time>2026-05-29T19:35:12.099Z</time>
      </trkpt>
      <trkpt lat="49.314931" lon="22.438170">
        <ele>491.377417</ele>
        <time>2026-05-29T19:35:34.427Z</time>
      </trkpt>
      <trkpt lat="49.314950" lon="22.438652">
        <ele>493.238002</ele>
        <time>2026-05-29T19:35:46.883Z</time>
      </trkpt>
      <trkpt lat="49.314932" lon="22.438913">
        <ele>494.249272</ele>
        <time>2026-05-29T19:35:54.003Z</time>
      </trkpt>
      <trkpt lat="49.314801" lon="22.439606">
        <ele>497.167389</ele>
        <time>2026-05-29T19:36:14.491Z</time>
      </trkpt>
      <trkpt lat="49.314270" lon="22.441621">
        <ele>508.562793</ele>
        <time>2026-05-29T19:37:21.213Z</time>
      </trkpt>
      <trkpt lat="49.313816" lon="22.444123">
        <ele>523.469112</ele>
        <time>2026-05-29T19:38:45.697Z</time>
      </trkpt>
      <trkpt lat="49.313670" lon="22.444728">
        <ele>527.245655</ele>
        <time>2026-05-29T19:39:08.945Z</time>
      </trkpt>
      <trkpt lat="49.313496" lon="22.445173">
        <ele>529.926252</ele>
        <time>2026-05-29T19:39:28.195Z</time>
      </trkpt>
      <trkpt lat="49.312563" lon="22.447016">
        <ele>541.416864</ele>
        <time>2026-05-29T19:40:41.501Z</time>
      </trkpt>
      <trkpt lat="49.312519" lon="22.447098">
        <ele>541.312740</ele>
        <time>2026-05-29T19:40:43.519Z</time>
      </trkpt>
      <trkpt lat="49.312045" lon="22.448056">
        <ele>540.133619</ele>
        <time>2026-05-29T19:40:56.845Z</time>
      </trkpt>
      <trkpt lat="49.311930" lon="22.448409">
        <ele>539.746720</ele>
        <time>2026-05-29T19:40:59.400Z</time>
      </trkpt>
      <trkpt lat="49.311866" lon="22.448927">
        <ele>539.229814</ele>
        <time>2026-05-29T19:41:02.586Z</time>
      </trkpt>
      <trkpt lat="49.311882" lon="22.449269">
        <ele>538.893642</ele>
        <time>2026-05-29T19:41:04.607Z</time>
      </trkpt>
      <trkpt lat="49.311917" lon="22.449493">
        <ele>538.012124</ele>
        <time>2026-05-29T19:41:05.950Z</time>
      </trkpt>
      <trkpt lat="49.312002" lon="22.449801">
        <ele>536.061554</ele>
        <time>2026-05-29T19:41:07.880Z</time>
      </trkpt>
      <trkpt lat="49.313299" lon="22.452826">
        <ele>515.811771</ele>
        <time>2026-05-29T19:41:28.297Z</time>
      </trkpt>
      <trkpt lat="49.313696" lon="22.453865">
        <ele>509.571130</ele>
        <time>2026-05-29T19:41:35.265Z</time>
      </trkpt>
      <trkpt lat="49.314235" lon="22.455502">
        <ele>504.842685</ele>
        <time>2026-05-29T19:41:46.954Z</time>
      </trkpt>
      <trkpt lat="49.314532" lon="22.456354">
        <ele>502.700610</ele>
        <time>2026-05-29T19:41:53.977Z</time>
      </trkpt>
      <trkpt lat="49.314618" lon="22.456796">
        <ele>501.659444</ele>
        <time>2026-05-29T19:41:57.361Z</time>
      </trkpt>
      <trkpt lat="49.314616" lon="22.457316">
        <ele>500.472058</ele>
        <time>2026-05-29T19:42:01.201Z</time>
      </trkpt>
      <trkpt lat="49.314393" lon="22.458209">
        <ele>498.288498</ele>
        <time>2026-05-29T19:42:07.641Z</time>
      </trkpt>
      <trkpt lat="49.314335" lon="22.458547">
        <ele>497.490417</ele>
        <time>2026-05-29T19:42:09.849Z</time>
      </trkpt>
      <trkpt lat="49.314314" lon="22.458769">
        <ele>496.978192</ele>
        <time>2026-05-29T19:42:11.239Z</time>
      </trkpt>
      <trkpt lat="49.314286" lon="22.459971">
        <ele>491.871783</ele>
        <time>2026-05-29T19:42:18.416Z</time>
      </trkpt>
      <trkpt lat="49.314223" lon="22.460433">
        <ele>489.352555</ele>
        <time>2026-05-29T19:42:21.133Z</time>
      </trkpt>
      <trkpt lat="49.314146" lon="22.460676">
        <ele>487.910479</ele>
        <time>2026-05-29T19:42:22.673Z</time>
      </trkpt>
      <trkpt lat="49.313653" lon="22.461742">
        <ele>480.935182</ele>
        <time>2026-05-29T19:42:30.030Z</time>
      </trkpt>
      <trkpt lat="49.313536" lon="22.462088">
        <ele>478.858945</ele>
        <time>2026-05-29T19:42:32.217Z</time>
      </trkpt>
      <trkpt lat="49.313436" lon="22.462686">
        <ele>475.570422</ele>
        <time>2026-05-29T19:42:35.684Z</time>
      </trkpt>
      <trkpt lat="49.313305" lon="22.463935">
        <ele>468.831742</ele>
        <time>2026-05-29T19:42:42.948Z</time>
      </trkpt>
      <trkpt lat="49.313208" lon="22.464853">
        <ele>465.218317</ele>
        <time>2026-05-29T19:42:48.544Z</time>
      </trkpt>
      <trkpt lat="49.312913" lon="22.467812">
        <ele>456.855882</ele>
        <time>2026-05-29T19:43:08.163Z</time>
      </trkpt>
      <trkpt lat="49.312846" lon="22.468258">
        <ele>455.416868</ele>
        <time>2026-05-29T19:43:11.040Z</time>
      </trkpt>
      <trkpt lat="49.312763" lon="22.468554">
        <ele>454.403781</ele>
        <time>2026-05-29T19:43:13.031Z</time>
      </trkpt>
      <trkpt lat="49.312609" lon="22.468909">
        <ele>453.063102</ele>
        <time>2026-05-29T19:43:15.619Z</time>
      </trkpt>
      <trkpt lat="49.312476" lon="22.469137">
        <ele>452.101168</ele>
        <time>2026-05-29T19:43:17.448Z</time>
      </trkpt>
      <trkpt lat="49.311181" lon="22.471100">
        <ele>442.646150</ele>
        <time>2026-05-29T19:43:34.074Z</time>
      </trkpt>
      <trkpt lat="49.310398" lon="22.472280">
        <ele>439.516288</ele>
        <time>2026-05-29T19:43:45.961Z</time>
      </trkpt>
      <trkpt lat="49.309575" lon="22.473526">
        <ele>437.234528</ele>
        <time>2026-05-29T19:44:00.236Z</time>
      </trkpt>
      <trkpt lat="49.309229" lon="22.474027">
        <ele>436.077451</ele>
        <time>2026-05-29T19:44:05.066Z</time>
      </trkpt>
      <trkpt lat="49.309078" lon="22.474197">
        <ele>435.621960</ele>
        <time>2026-05-29T19:44:06.941Z</time>
      </trkpt>
      <trkpt lat="49.308745" lon="22.474429">
        <ele>434.732570</ele>
        <time>2026-05-29T19:44:10.636Z</time>
      </trkpt>
      <trkpt lat="49.308247" lon="22.474574">
        <ele>433.499940</ele>
        <time>2026-05-29T19:44:15.794Z</time>
      </trkpt>
      <trkpt lat="49.305705" lon="22.475176">
        <ele>430.265647</ele>
        <time>2026-05-29T19:44:48.300Z</time>
      </trkpt>
      <trkpt lat="49.305541" lon="22.475232">
        <ele>429.975069</ele>
        <time>2026-05-29T19:44:50.234Z</time>
      </trkpt>
      <trkpt lat="49.305268" lon="22.475409">
        <ele>429.462470</ele>
        <time>2026-05-29T19:44:53.558Z</time>
      </trkpt>
      <trkpt lat="49.305090" lon="22.475586">
        <ele>429.095581</ele>
        <time>2026-05-29T19:44:55.861Z</time>
      </trkpt>
      <trkpt lat="49.304867" lon="22.475922">
        <ele>428.554929</ele>
        <time>2026-05-29T19:44:59.178Z</time>
      </trkpt>
      <trkpt lat="49.303628" lon="22.478373">
        <ele>422.379562</ele>
        <time>2026-05-29T19:45:19.694Z</time>
      </trkpt>
      <trkpt lat="49.303289" lon="22.479047">
        <ele>421.194226</ele>
        <time>2026-05-29T19:45:25.057Z</time>
      </trkpt>
      <trkpt lat="49.302960" lon="22.479666">
        <ele>420.082171</ele>
        <time>2026-05-29T19:45:30.348Z</time>
      </trkpt>
      <trkpt lat="49.302838" lon="22.479921">
        <ele>419.641743</ele>
        <time>2026-05-29T19:45:32.572Z</time>
      </trkpt>
      <trkpt lat="49.302226" lon="22.481139">
        <ele>421.083079</ele>
        <time>2026-05-29T19:45:50.618Z</time>
      </trkpt>
      <trkpt lat="49.301921" lon="22.481715">
        <ele>423.155360</ele>
        <time>2026-05-29T19:46:07.754Z</time>
      </trkpt>
      <trkpt lat="49.301663" lon="22.482042">
        <ele>424.588935</ele>
        <time>2026-05-29T19:46:21.547Z</time>
      </trkpt>
      <trkpt lat="49.301348" lon="22.482223">
        <ele>426.029689</ele>
        <time>2026-05-29T19:46:35.632Z</time>
      </trkpt>
      <trkpt lat="49.300775" lon="22.482384">
        <ele>429.674310</ele>
        <time>2026-05-29T19:47:00.226Z</time>
      </trkpt>
      <trkpt lat="49.300602" lon="22.482433">
        <ele>430.834749</ele>
        <time>2026-05-29T19:47:07.746Z</time>
      </trkpt>
      <trkpt lat="49.300361" lon="22.482500">
        <ele>432.450340</ele>
        <time>2026-05-29T19:47:18.270Z</time>
      </trkpt>
      <trkpt lat="49.300031" lon="22.482691">
        <ele>434.776958</ele>
        <time>2026-05-29T19:47:33.254Z</time>
      </trkpt>
      <trkpt lat="49.299798" lon="22.482970">
        <ele>436.726903</ele>
        <time>2026-05-29T19:47:45.005Z</time>
      </trkpt>
      <trkpt lat="49.299619" lon="22.483321">
        <ele>438.635300</ele>
        <time>2026-05-29T19:47:55.985Z</time>
      </trkpt>
      <trkpt lat="49.299501" lon="22.483927">
        <ele>441.297100</ele>
        <time>2026-05-29T19:48:12.168Z</time>
      </trkpt>
      <trkpt lat="49.299599" lon="22.485969">
        <ele>449.936166</ele>
        <time>2026-05-29T19:49:06.115Z</time>
      </trkpt>
      <trkpt lat="49.299530" lon="22.486745">
        <ele>454.784355</ele>
        <time>2026-05-29T19:49:28.982Z</time>
      </trkpt>
      <trkpt lat="49.299429" lon="22.487109">
        <ele>457.233161</ele>
        <time>2026-05-29T19:49:41.464Z</time>
      </trkpt>
      <trkpt lat="49.298011" lon="22.492270">
        <ele>496.429778</ele>
        <time>2026-05-29T19:53:18.524Z</time>
      </trkpt>
      <trkpt lat="49.297738" lon="22.493267">
        <ele>504.528106</ele>
        <time>2026-05-29T19:54:04.783Z</time>
      </trkpt>
      <trkpt lat="49.297604" lon="22.493889">
        <ele>508.637029</ele>
        <time>2026-05-29T19:54:30.952Z</time>
      </trkpt>
      <trkpt lat="49.297582" lon="22.494374">
        <ele>510.739663</ele>
        <time>2026-05-29T19:54:48.510Z</time>
      </trkpt>
      <trkpt lat="49.297623" lon="22.494722">
        <ele>512.269085</ele>
        <time>2026-05-29T19:54:59.905Z</time>
      </trkpt>
      <trkpt lat="49.297751" lon="22.495265">
        <ele>514.766206</ele>
        <time>2026-05-29T19:55:16.154Z</time>
      </trkpt>
      <trkpt lat="49.297928" lon="22.495616">
        <ele>516.685144</ele>
        <time>2026-05-29T19:55:26.441Z</time>
      </trkpt>
      <trkpt lat="49.298475" lon="22.496418">
        <ele>519.173238</ele>
        <time>2026-05-29T19:55:42.896Z</time>
      </trkpt>
      <trkpt lat="49.298547" lon="22.496730">
        <ele>518.978623</ele>
        <time>2026-05-29T19:55:45.873Z</time>
      </trkpt>
      <trkpt lat="49.298551" lon="22.496915">
        <ele>518.869776</ele>
        <time>2026-05-29T19:55:47.374Z</time>
      </trkpt>
      <trkpt lat="49.298524" lon="22.497070">
        <ele>518.775435</ele>
        <time>2026-05-29T19:55:48.613Z</time>
      </trkpt>
      <trkpt lat="49.298472" lon="22.497218">
        <ele>518.676578</ele>
        <time>2026-05-29T19:55:49.894Z</time>
      </trkpt>
      <trkpt lat="49.298377" lon="22.497366">
        <ele>518.554462</ele>
        <time>2026-05-29T19:55:51.422Z</time>
      </trkpt>
      <trkpt lat="49.298136" lon="22.497555">
        <ele>518.310374</ele>
        <time>2026-05-29T19:55:54.345Z</time>
      </trkpt>
      <trkpt lat="49.297363" lon="22.497994">
        <ele>517.468400</ele>
        <time>2026-05-29T19:56:02.897Z</time>
      </trkpt>
      <trkpt lat="49.296763" lon="22.498066">
        <ele>516.739273</ele>
        <time>2026-05-29T19:56:09.584Z</time>
      </trkpt>
      <trkpt lat="49.294656" lon="22.498159">
        <ele>515.793677</ele>
        <time>2026-05-29T19:56:39.500Z</time>
      </trkpt>
      <trkpt lat="49.294240" lon="22.498233">
        <ele>515.834026</ele>
        <time>2026-05-29T19:56:46.476Z</time>
      </trkpt>
      <trkpt lat="49.293816" lon="22.498452">
        <ele>516.332427</ele>
        <time>2026-05-29T19:56:54.283Z</time>
      </trkpt>
      <trkpt lat="49.293738" lon="22.498517">
        <ele>516.477010</ele>
        <time>2026-05-29T19:56:55.936Z</time>
      </trkpt>
      <trkpt lat="49.293201" lon="22.499009">
        <ele>517.495825</ele>
        <time>2026-05-29T19:57:08.639Z</time>
      </trkpt>
      <trkpt lat="49.292306" lon="22.499943">
        <ele>519.210132</ele>
        <time>2026-05-29T19:57:35.284Z</time>
      </trkpt>
      <trkpt lat="49.291957" lon="22.500456">
        <ele>519.917510</ele>
        <time>2026-05-29T19:57:46.866Z</time>
      </trkpt>
      <trkpt lat="49.291828" lon="22.500693">
        <ele>520.212080</ele>
        <time>2026-05-29T19:57:50.819Z</time>
      </trkpt>
      <trkpt lat="49.291663" lon="22.501110">
        <ele>520.677512</ele>
        <time>2026-05-29T19:57:56.412Z</time>
      </trkpt>
      <trkpt lat="49.291570" lon="22.501470">
        <ele>521.047013</ele>
        <time>2026-05-29T19:58:00.737Z</time>
      </trkpt>
      <trkpt lat="49.291511" lon="22.501818">
        <ele>521.390134</ele>
        <time>2026-05-29T19:58:04.536Z</time>
      </trkpt>
      <trkpt lat="49.291499" lon="22.502395">
        <ele>522.458262</ele>
        <time>2026-05-29T19:58:10.131Z</time>
      </trkpt>
      <trkpt lat="49.291700" lon="22.504287">
        <ele>526.067528</ele>
        <time>2026-05-29T19:58:41.668Z</time>
      </trkpt>
      <trkpt lat="49.292115" lon="22.507623">
        <ele>539.631188</ele>
        <time>2026-05-29T20:00:19.087Z</time>
      </trkpt>
      <trkpt lat="49.292551" lon="22.511173">
        <ele>547.831317</ele>
        <time>2026-05-29T20:01:30.208Z</time>
      </trkpt>
      <trkpt lat="49.292615" lon="22.511661">
        <ele>548.305375</ele>
        <time>2026-05-29T20:01:36.916Z</time>
      </trkpt>
      <trkpt lat="49.292732" lon="22.512093">
        <ele>548.750861</ele>
        <time>2026-05-29T20:01:42.018Z</time>
      </trkpt>
      <trkpt lat="49.292801" lon="22.512259">
        <ele>548.938331</ele>
        <time>2026-05-29T20:01:43.825Z</time>
      </trkpt>
      <trkpt lat="49.293017" lon="22.512608">
        <ele>549.088731</ele>
        <time>2026-05-29T20:01:47.712Z</time>
      </trkpt>
      <trkpt lat="49.295264" lon="22.515285">
        <ele>536.349494</ele>
        <time>2026-05-29T20:02:15.439Z</time>
      </trkpt>
      <trkpt lat="49.295591" lon="22.515633">
        <ele>533.968812</ele>
        <time>2026-05-29T20:02:18.959Z</time>
      </trkpt>
      <trkpt lat="49.295853" lon="22.515833">
        <ele>532.215192</ele>
        <time>2026-05-29T20:02:21.505Z</time>
      </trkpt>
      <trkpt lat="49.296276" lon="22.515988">
        <ele>527.921324</ele>
        <time>2026-05-29T20:02:25.236Z</time>
      </trkpt>
      <trkpt lat="49.297517" lon="22.516133">
        <ele>515.633414</ele>
        <time>2026-05-29T20:02:35.881Z</time>
      </trkpt>
      <trkpt lat="49.297976" lon="22.516234">
        <ele>512.021061</ele>
        <time>2026-05-29T20:02:39.952Z</time>
      </trkpt>
      <trkpt lat="49.298189" lon="22.516326">
        <ele>510.455069</ele>
        <time>2026-05-29T20:02:41.943Z</time>
      </trkpt>
      <trkpt lat="49.298674" lon="22.516646">
        <ele>506.718651</ele>
        <time>2026-05-29T20:02:46.745Z</time>
      </trkpt>
      <trkpt lat="49.298932" lon="22.516888">
        <ele>504.578388</ele>
        <time>2026-05-29T20:02:49.521Z</time>
      </trkpt>
      <trkpt lat="49.299163" lon="22.517162">
        <ele>502.511712</ele>
        <time>2026-05-29T20:02:52.197Z</time>
      </trkpt>
      <trkpt lat="49.299372" lon="22.517466">
        <ele>500.418482</ele>
        <time>2026-05-29T20:02:54.821Z</time>
      </trkpt>
      <trkpt lat="49.299641" lon="22.517996">
        <ele>497.184999</ele>
        <time>2026-05-29T20:02:58.752Z</time>
      </trkpt>
      <trkpt lat="49.301163" lon="22.521342">
        <ele>477.879995</ele>
        <time>2026-05-29T20:03:22.315Z</time>
      </trkpt>
      <trkpt lat="49.301245" lon="22.521550">
        <ele>476.745860</ele>
        <time>2026-05-29T20:03:23.759Z</time>
      </trkpt>
      <trkpt lat="49.301277" lon="22.521771">
        <ele>475.689536</ele>
        <time>2026-05-29T20:03:25.124Z</time>
      </trkpt>
      <trkpt lat="49.301262" lon="22.521991">
        <ele>475.115097</ele>
        <time>2026-05-29T20:03:26.477Z</time>
      </trkpt>
      <trkpt lat="49.301216" lon="22.522164">
        <ele>474.672663</ele>
        <time>2026-05-29T20:03:27.645Z</time>
      </trkpt>
      <trkpt lat="49.301130" lon="22.522331">
        <ele>474.168735</ele>
        <time>2026-05-29T20:03:29.009Z</time>
      </trkpt>
      <trkpt lat="49.301024" lon="22.522438">
        <ele>473.707873</ele>
        <time>2026-05-29T20:03:30.290Z</time>
      </trkpt>
      <trkpt lat="49.300883" lon="22.522501">
        <ele>473.174523</ele>
        <time>2026-05-29T20:03:31.814Z</time>
      </trkpt>
      <trkpt lat="49.300759" lon="22.522490">
        <ele>472.723449</ele>
        <time>2026-05-29T20:03:33.142Z</time>
      </trkpt>
      <trkpt lat="49.300630" lon="22.522419">
        <ele>472.225711</ele>
        <time>2026-05-29T20:03:34.578Z</time>
      </trkpt>
      <trkpt lat="49.300114" lon="22.521628">
        <ele>469.576093</ele>
        <time>2026-05-29T20:03:42.151Z</time>
      </trkpt>
      <trkpt lat="49.300019" lon="22.521543">
        <ele>469.176659</ele>
        <time>2026-05-29T20:03:43.297Z</time>
      </trkpt>
      <trkpt lat="49.299942" lon="22.521537">
        <ele>468.828291</ele>
        <time>2026-05-29T20:03:44.086Z</time>
      </trkpt>
      <trkpt lat="49.299836" lon="22.521601">
        <ele>468.235676</ele>
        <time>2026-05-29T20:03:45.242Z</time>
      </trkpt>
      <trkpt lat="49.299777" lon="22.521705">
        <ele>467.768061</ele>
        <time>2026-05-29T20:03:46.137Z</time>
      </trkpt>
      <trkpt lat="49.299751" lon="22.521820">
        <ele>467.355170</ele>
        <time>2026-05-29T20:03:46.920Z</time>
      </trkpt>
      <trkpt lat="49.299770" lon="22.521994">
        <ele>466.756699</ele>
        <time>2026-05-29T20:03:48.042Z</time>
      </trkpt>
      <trkpt lat="49.299819" lon="22.522092">
        <ele>466.337783</ele>
        <time>2026-05-29T20:03:48.816Z</time>
      </trkpt>
      <trkpt lat="49.300683" lon="22.523206">
        <ele>460.465695</ele>
        <time>2026-05-29T20:03:59.194Z</time>
      </trkpt>
      <trkpt lat="49.301033" lon="22.523615">
        <ele>457.766181</ele>
        <time>2026-05-29T20:04:03.202Z</time>
      </trkpt>
      <trkpt lat="49.301231" lon="22.523775">
        <ele>456.287876</ele>
        <time>2026-05-29T20:04:05.235Z</time>
      </trkpt>
      <trkpt lat="49.301415" lon="22.523844">
        <ele>455.036696</ele>
        <time>2026-05-29T20:04:06.949Z</time>
      </trkpt>
      <trkpt lat="49.301645" lon="22.523884">
        <ele>453.507745</ele>
        <time>2026-05-29T20:04:09.032Z</time>
      </trkpt>
      <trkpt lat="49.303044" lon="22.523761">
        <ele>445.239913</ele>
        <time>2026-05-29T20:04:21.673Z</time>
      </trkpt>
      <trkpt lat="49.303119" lon="22.523755">
        <ele>444.881308</ele>
        <time>2026-05-29T20:04:22.371Z</time>
      </trkpt>
      <trkpt lat="49.303453" lon="22.523725">
        <ele>443.283757</ele>
        <time>2026-05-29T20:04:25.513Z</time>
      </trkpt>
      <trkpt lat="49.303940" lon="22.523597">
        <ele>440.924476</ele>
        <time>2026-05-29T20:04:30.311Z</time>
      </trkpt>
      <trkpt lat="49.306612" lon="22.522470">
        <ele>433.653693</ele>
        <time>2026-05-29T20:04:59.552Z</time>
      </trkpt>
      <trkpt lat="49.306985" lon="22.522359">
        <ele>433.090418</ele>
        <time>2026-05-29T20:05:03.772Z</time>
      </trkpt>
      <trkpt lat="49.307169" lon="22.522343">
        <ele>432.817205</ele>
        <time>2026-05-29T20:05:05.865Z</time>
      </trkpt>
      <trkpt lat="49.307555" lon="22.522410">
        <ele>432.241318</ele>
        <time>2026-05-29T20:05:10.705Z</time>
      </trkpt>
      <trkpt lat="49.307748" lon="22.522492">
        <ele>431.944426</ele>
        <time>2026-05-29T20:05:13.699Z</time>
      </trkpt>
      <trkpt lat="49.308076" lon="22.522726">
        <ele>432.089199</ele>
        <time>2026-05-29T20:05:19.887Z</time>
      </trkpt>
      <trkpt lat="49.308261" lon="22.522915">
        <ele>432.213430</ele>
        <time>2026-05-29T20:05:23.924Z</time>
      </trkpt>
      <trkpt lat="49.308724" lon="22.523573">
        <ele>432.566201</ele>
        <time>2026-05-29T20:05:35.949Z</time>
      </trkpt>
      <trkpt lat="49.310060" lon="22.525650">
        <ele>433.106203</ele>
        <time>2026-05-29T20:06:06.910Z</time>
      </trkpt>
      <trkpt lat="49.310170" lon="22.525864">
        <ele>433.133489</ele>
        <time>2026-05-29T20:06:09.258Z</time>
      </trkpt>
      <trkpt lat="49.310309" lon="22.526318">
        <ele>433.183709</ele>
        <time>2026-05-29T20:06:13.565Z</time>
      </trkpt>
      <trkpt lat="49.310339" lon="22.526678">
        <ele>433.608219</ele>
        <time>2026-05-29T20:06:16.690Z</time>
      </trkpt>
      <trkpt lat="49.310291" lon="22.527098">
        <ele>434.113297</ele>
        <time>2026-05-29T20:06:20.996Z</time>
      </trkpt>
      <trkpt lat="49.310169" lon="22.527440">
        <ele>434.575074</ele>
        <time>2026-05-29T20:06:25.577Z</time>
      </trkpt>
      <trkpt lat="49.310073" lon="22.527632">
        <ele>434.861682</ele>
        <time>2026-05-29T20:06:28.723Z</time>
      </trkpt>
      <trkpt lat="49.309890" lon="22.527906">
        <ele>435.326311</ele>
        <time>2026-05-29T20:06:34.397Z</time>
      </trkpt>
      <trkpt lat="49.309262" lon="22.528831">
        <ele>437.535041</ele>
        <time>2026-05-29T20:07:00.711Z</time>
      </trkpt>
      <trkpt lat="49.309133" lon="22.529072">
        <ele>438.411977</ele>
        <time>2026-05-29T20:07:07.731Z</time>
      </trkpt>
      <trkpt lat="49.308946" lon="22.529582">
        <ele>440.057543</ele>
        <time>2026-05-29T20:07:21.469Z</time>
      </trkpt>
      <trkpt lat="49.308833" lon="22.530164">
        <ele>441.765377</ele>
        <time>2026-05-29T20:07:35.339Z</time>
      </trkpt>
      <trkpt lat="49.308806" lon="22.530506">
        <ele>442.734233</ele>
        <time>2026-05-29T20:07:42.884Z</time>
      </trkpt>
      <trkpt lat="49.308826" lon="22.531136">
        <ele>444.295174</ele>
        <time>2026-05-29T20:07:55.430Z</time>
      </trkpt>
      <trkpt lat="49.308967" lon="22.532925">
        <ele>445.735556</ele>
        <time>2026-05-29T20:08:22.542Z</time>
      </trkpt>
      <trkpt lat="49.309060" lon="22.533420">
        <ele>446.147316</ele>
        <time>2026-05-29T20:08:27.057Z</time>
      </trkpt>
      <trkpt lat="49.309215" lon="22.533821">
        <ele>446.193627</ele>
        <time>2026-05-29T20:08:30.566Z</time>
      </trkpt>
      <trkpt lat="49.309389" lon="22.534101">
        <ele>445.534777</ele>
        <time>2026-05-29T20:08:33.276Z</time>
      </trkpt>
      <trkpt lat="49.310091" lon="22.534904">
        <ele>443.246973</ele>
        <time>2026-05-29T20:08:42.048Z</time>
      </trkpt>
      <trkpt lat="49.310178" lon="22.535059">
        <ele>442.898612</ele>
        <time>2026-05-29T20:08:43.382Z</time>
      </trkpt>
      <trkpt lat="49.310244" lon="22.535244">
        <ele>442.539422</ele>
        <time>2026-05-29T20:08:44.768Z</time>
      </trkpt>
      <trkpt lat="49.310296" lon="22.535505">
        <ele>442.074583</ele>
        <time>2026-05-29T20:08:46.615Z</time>
      </trkpt>
      <trkpt lat="49.310302" lon="22.535749">
        <ele>441.682546</ele>
        <time>2026-05-29T20:08:48.324Z</time>
      </trkpt>
      <trkpt lat="49.310279" lon="22.535932">
        <ele>441.495398</ele>
        <time>2026-05-29T20:08:49.659Z</time>
      </trkpt>
      <trkpt lat="49.310154" lon="22.536278">
        <ele>441.098176</ele>
        <time>2026-05-29T20:08:52.539Z</time>
      </trkpt>
      <trkpt lat="49.310071" lon="22.536396">
        <ele>440.923868</ele>
        <time>2026-05-29T20:08:53.819Z</time>
      </trkpt>
      <trkpt lat="49.309828" lon="22.536597">
        <ele>440.498636</ele>
        <time>2026-05-29T20:08:57.013Z</time>
      </trkpt>
      <trkpt lat="49.309604" lon="22.536654">
        <ele>440.148908</ele>
        <time>2026-05-29T20:08:59.752Z</time>
      </trkpt>
      <trkpt lat="49.307154" lon="22.536987">
        <ele>436.891977</ele>
        <time>2026-05-29T20:09:29.047Z</time>
      </trkpt>
      <trkpt lat="49.307013" lon="22.537020">
        <ele>436.668794</ele>
        <time>2026-05-29T20:09:30.794Z</time>
      </trkpt>
      <trkpt lat="49.306716" lon="22.537195">
        <ele>435.603786</ele>
        <time>2026-05-29T20:09:34.723Z</time>
      </trkpt>
      <trkpt lat="49.306503" lon="22.537415">
        <ele>434.744195</ele>
        <time>2026-05-29T20:09:37.583Z</time>
      </trkpt>
      <trkpt lat="49.306262" lon="22.537762">
        <ele>433.637695</ele>
        <time>2026-05-29T20:09:41.010Z</time>
      </trkpt>
      <trkpt lat="49.306053" lon="22.538141">
        <ele>432.554337</ele>
        <time>2026-05-29T20:09:44.183Z</time>
      </trkpt>
      <trkpt lat="49.306021" lon="22.538200">
        <ele>432.386840</ele>
        <time>2026-05-29T20:09:44.664Z</time>
      </trkpt>
      <trkpt lat="49.305277" lon="22.539579">
        <ele>428.118890</ele>
        <time>2026-05-29T20:09:55.469Z</time>
      </trkpt>
      <trkpt lat="49.305006" lon="22.540084">
        <ele>426.461515</ele>
        <time>2026-05-29T20:09:59.487Z</time>
      </trkpt>
      <trkpt lat="49.304448" lon="22.541112">
        <ele>423.845382</ele>
        <time>2026-05-29T20:10:08.918Z</time>
      </trkpt>
      <trkpt lat="49.304326" lon="22.541426">
        <ele>424.000392</ele>
        <time>2026-05-29T20:10:12.700Z</time>
      </trkpt>
      <trkpt lat="49.304273" lon="22.541681">
        <ele>424.113894</ele>
        <time>2026-05-29T20:10:15.963Z</time>
      </trkpt>
      <trkpt lat="49.304254" lon="22.542103">
        <ele>424.293283</ele>
        <time>2026-05-29T20:10:21.346Z</time>
      </trkpt>
      <trkpt lat="49.304272" lon="22.542328">
        <ele>424.389417</ele>
        <time>2026-05-29T20:10:24.362Z</time>
      </trkpt>
      <trkpt lat="49.304706" lon="22.543819">
        <ele>425.291108</ele>
        <time>2026-05-29T20:10:46.652Z</time>
      </trkpt>
      <trkpt lat="49.304816" lon="22.544364">
        <ele>425.818199</ele>
        <time>2026-05-29T20:10:54.416Z</time>
      </trkpt>
      <trkpt lat="49.304871" lon="22.544890">
        <ele>426.310373</ele>
        <time>2026-05-29T20:11:01.855Z</time>
      </trkpt>
      <trkpt lat="49.304864" lon="22.545365">
        <ele>426.749331</ele>
        <time>2026-05-29T20:11:08.266Z</time>
      </trkpt>
      <trkpt lat="49.304782" lon="22.545913">
        <ele>427.268783</ele>
        <time>2026-05-29T20:11:15.456Z</time>
      </trkpt>
      <trkpt lat="49.304584" lon="22.546395">
        <ele>427.641759</ele>
        <time>2026-05-29T20:11:22.650Z</time>
      </trkpt>
      <trkpt lat="49.303410" lon="22.547857">
        <ele>428.824418</ele>
        <time>2026-05-29T20:11:49.742Z</time>
      </trkpt>
      <trkpt lat="49.303122" lon="22.548408">
        <ele>429.058189</ele>
        <time>2026-05-29T20:11:57.154Z</time>
      </trkpt>
      <trkpt lat="49.302485" lon="22.550333">
        <ele>429.734536</ele>
        <time>2026-05-29T20:12:20.407Z</time>
      </trkpt>
      <trkpt lat="49.302287" lon="22.550829">
        <ele>429.967807</ele>
        <time>2026-05-29T20:12:26.830Z</time>
      </trkpt>
      <trkpt lat="49.301009" lon="22.553188">
        <ele>431.678900</ele>
        <time>2026-05-29T20:13:01.704Z</time>
      </trkpt>
      <trkpt lat="49.300759" lon="22.553697">
        <ele>432.264777</ele>
        <time>2026-05-29T20:13:10.457Z</time>
      </trkpt>
      <trkpt lat="49.300591" lon="22.554253">
        <ele>432.828183</ele>
        <time>2026-05-29T20:13:19.794Z</time>
      </trkpt>
      <trkpt lat="49.300169" lon="22.556163">
        <ele>434.086571</ele>
        <time>2026-05-29T20:13:48.930Z</time>
      </trkpt>
      <trkpt lat="49.300026" lon="22.556764">
        <ele>434.409407</ele>
        <time>2026-05-29T20:13:55.335Z</time>
      </trkpt>
      <trkpt lat="49.299877" lon="22.557119">
        <ele>434.622448</ele>
        <time>2026-05-29T20:13:58.935Z</time>
      </trkpt>
      <trkpt lat="49.299769" lon="22.557279">
        <ele>434.738654</ele>
        <time>2026-05-29T20:14:00.794Z</time>
      </trkpt>
      <trkpt lat="49.299637" lon="22.557409">
        <ele>434.834674</ele>
        <time>2026-05-29T20:14:02.672Z</time>
      </trkpt>
      <trkpt lat="49.299084" lon="22.557871">
        <ele>435.205739</ele>
        <time>2026-05-29T20:14:10.472Z</time>
      </trkpt>
      <trkpt lat="49.298964" lon="22.558006">
        <ele>435.293434</ele>
        <time>2026-05-29T20:14:12.699Z</time>
      </trkpt>
      <trkpt lat="49.298874" lon="22.558169">
        <ele>435.375501</ele>
        <time>2026-05-29T20:14:15.028Z</time>
      </trkpt>
      <trkpt lat="49.298804" lon="22.558366">
        <ele>435.461706</ele>
        <time>2026-05-29T20:14:17.776Z</time>
      </trkpt>
      <trkpt lat="49.298768" lon="22.558574">
        <ele>435.544396</ele>
        <time>2026-05-29T20:14:20.687Z</time>
      </trkpt>
      <trkpt lat="49.298759" lon="22.558784">
        <ele>435.625262</ele>
        <time>2026-05-29T20:14:23.767Z</time>
      </trkpt>
      <trkpt lat="49.298778" lon="22.558994">
        <ele>435.706727</ele>
        <time>2026-05-29T20:14:27.095Z</time>
      </trkpt>
      <trkpt lat="49.298822" lon="22.559177">
        <ele>435.781672</ele>
        <time>2026-05-29T20:14:30.364Z</time>
      </trkpt>
      <trkpt lat="49.298854" lon="22.559262">
        <ele>435.831666</ele>
        <time>2026-05-29T20:14:32.076Z</time>
      </trkpt>
      <trkpt lat="49.298887" lon="22.559340">
        <ele>435.941874</ele>
        <time>2026-05-29T20:14:33.760Z</time>
      </trkpt>
      <trkpt lat="49.299006" lon="22.559537">
        <ele>436.260169</ele>
        <time>2026-05-29T20:14:38.621Z</time>
      </trkpt>
      <trkpt lat="49.299233" lon="22.559723">
        <ele>436.727984</ele>
        <time>2026-05-29T20:14:45.702Z</time>
      </trkpt>
      <trkpt lat="49.299861" lon="22.560035">
        <ele>437.927881</ele>
        <time>2026-05-29T20:15:02.313Z</time>
      </trkpt>
      <trkpt lat="49.300165" lon="22.560262">
        <ele>438.542474</ele>
        <time>2026-05-29T20:15:09.217Z</time>
      </trkpt>
      <trkpt lat="49.301053" lon="22.561237">
        <ele>438.806892</ele>
        <time>2026-05-29T20:15:24.016Z</time>
      </trkpt>
      <trkpt lat="49.301841" lon="22.561975">
        <ele>438.486391</ele>
        <time>2026-05-29T20:15:35.691Z</time>
      </trkpt>
      <trkpt lat="49.301964" lon="22.562147">
        <ele>438.492731</ele>
        <time>2026-05-29T20:15:38.099Z</time>
      </trkpt>
      <trkpt lat="49.302078" lon="22.562367">
        <ele>438.565724</ele>
        <time>2026-05-29T20:15:40.906Z</time>
      </trkpt>
      <trkpt lat="49.302182" lon="22.562761">
        <ele>438.676136</ele>
        <time>2026-05-29T20:15:45.285Z</time>
      </trkpt>
      <trkpt lat="49.302199" lon="22.563094">
        <ele>438.762900</ele>
        <time>2026-05-29T20:15:48.834Z</time>
      </trkpt>
      <trkpt lat="49.302147" lon="22.563522">
        <ele>438.875990</ele>
        <time>2026-05-29T20:15:53.578Z</time>
      </trkpt>
      <trkpt lat="49.301902" lon="22.564781">
        <ele>439.280766</ele>
        <time>2026-05-29T20:16:08.901Z</time>
      </trkpt>
      <trkpt lat="49.301775" lon="22.565524">
        <ele>439.779709</ele>
        <time>2026-05-29T20:16:18.227Z</time>
      </trkpt>
      <trkpt lat="49.301756" lon="22.565875">
        <ele>440.008495</ele>
        <time>2026-05-29T20:16:22.573Z</time>
      </trkpt>
      <trkpt lat="49.301772" lon="22.567625">
        <ele>441.121186</ele>
        <time>2026-05-29T20:16:44.647Z</time>
      </trkpt>
      <trkpt lat="49.301838" lon="22.568067">
        <ele>441.375855</ele>
        <time>2026-05-29T20:16:50.191Z</time>
      </trkpt>
      <trkpt lat="49.302140" lon="22.569130">
        <ele>442.027079</ele>
        <time>2026-05-29T20:17:03.974Z</time>
      </trkpt>
      <trkpt lat="49.302219" lon="22.569579">
        <ele>442.288272</ele>
        <time>2026-05-29T20:17:09.326Z</time>
      </trkpt>
      <trkpt lat="49.302378" lon="22.571656">
        <ele>443.469413</ele>
        <time>2026-05-29T20:17:32.850Z</time>
      </trkpt>
      <trkpt lat="49.302444" lon="22.572549">
        <ele>443.977690</ele>
        <time>2026-05-29T20:17:44.020Z</time>
      </trkpt>
      <trkpt lat="49.302565" lon="22.574006">
        <ele>445.128569</ele>
        <time>2026-05-29T20:18:04.306Z</time>
      </trkpt>
      <trkpt lat="49.302573" lon="22.574147">
        <ele>445.243608</ele>
        <time>2026-05-29T20:18:06.325Z</time>
      </trkpt>
      <trkpt lat="49.302688" lon="22.575603">
        <ele>446.361259</ele>
        <time>2026-05-29T20:18:24.635Z</time>
      </trkpt>
      <trkpt lat="49.302720" lon="22.575844">
        <ele>446.434750</ele>
        <time>2026-05-29T20:18:27.315Z</time>
      </trkpt>
      <trkpt lat="49.302796" lon="22.576138">
        <ele>446.529252</ele>
        <time>2026-05-29T20:18:30.914Z</time>
      </trkpt>
      <trkpt lat="49.302994" lon="22.576769">
        <ele>446.738497</ele>
        <time>2026-05-29T20:18:38.576Z</time>
      </trkpt>
      <trkpt lat="49.303087" lon="22.577066">
        <ele>446.836946</ele>
        <time>2026-05-29T20:18:42.032Z</time>
      </trkpt>
      <trkpt lat="49.303186" lon="22.577384">
        <ele>446.942241</ele>
        <time>2026-05-29T20:18:45.517Z</time>
      </trkpt>
      <trkpt lat="49.303620" lon="22.578768">
        <ele>447.396570</ele>
        <time>2026-05-29T20:19:01.220Z</time>
      </trkpt>
      <trkpt lat="49.303673" lon="22.579007">
        <ele>447.470674</ele>
        <time>2026-05-29T20:19:03.758Z</time>
      </trkpt>
      <trkpt lat="49.303718" lon="22.579411">
        <ele>447.590985</ele>
        <time>2026-05-29T20:19:08.111Z</time>
      </trkpt>
      <trkpt lat="49.303684" lon="22.579876">
        <ele>447.728339</ele>
        <time>2026-05-29T20:19:13.382Z</time>
      </trkpt>
      <trkpt lat="49.303661" lon="22.579993">
        <ele>447.764211</ele>
        <time>2026-05-29T20:19:14.710Z</time>
      </trkpt>
      <trkpt lat="49.303512" lon="22.580419">
        <ele>447.906116</ele>
        <time>2026-05-29T20:19:20.272Z</time>
      </trkpt>
      <trkpt lat="49.303143" lon="22.581208">
        <ele>448.669336</ele>
        <time>2026-05-29T20:19:31.670Z</time>
      </trkpt>
      <trkpt lat="49.303116" lon="22.581266">
        <ele>448.732077</ele>
        <time>2026-05-29T20:19:32.613Z</time>
      </trkpt>
      <trkpt lat="49.302887" lon="22.581781">
        <ele>449.280880</ele>
        <time>2026-05-29T20:19:41.080Z</time>
      </trkpt>
      <trkpt lat="49.302836" lon="22.581931">
        <ele>449.429816</ele>
        <time>2026-05-29T20:19:43.509Z</time>
      </trkpt>
      <trkpt lat="49.302746" lon="22.582368">
        <ele>449.833292</ele>
        <time>2026-05-29T20:19:50.000Z</time>
      </trkpt>
      <trkpt lat="49.302706" lon="22.582716">
        <ele>450.144400</ele>
        <time>2026-05-29T20:19:54.941Z</time>
      </trkpt>
      <trkpt lat="49.302695" lon="22.583084">
        <ele>450.491778</ele>
        <time>2026-05-29T20:20:00.020Z</time>
      </trkpt>
      <trkpt lat="49.302718" lon="22.583593">
        <ele>451.058278</ele>
        <time>2026-05-29T20:20:07.224Z</time>
      </trkpt>
      <trkpt lat="49.302813" lon="22.585446">
        <ele>453.122014</ele>
        <time>2026-05-29T20:20:34.352Z</time>
      </trkpt>
      <trkpt lat="49.302750" lon="22.586118">
        <ele>453.717008</ele>
        <time>2026-05-29T20:20:43.419Z</time>
      </trkpt>
      <trkpt lat="49.302655" lon="22.586529">
        <ele>454.023475</ele>
        <time>2026-05-29T20:20:48.668Z</time>
      </trkpt>
      <trkpt lat="49.302549" lon="22.586819">
        <ele>454.257128</ele>
        <time>2026-05-29T20:20:52.336Z</time>
      </trkpt>
      <trkpt lat="49.302409" lon="22.587123">
        <ele>454.518697</ele>
        <time>2026-05-29T20:20:56.351Z</time>
      </trkpt>
      <trkpt lat="49.302184" lon="22.587482">
        <ele>454.868658</ele>
        <time>2026-05-29T20:21:02.149Z</time>
      </trkpt>
      <trkpt lat="49.301729" lon="22.588021">
        <ele>455.563398</ele>
        <time>2026-05-29T20:21:13.646Z</time>
      </trkpt>
      <trkpt lat="49.301631" lon="22.588136">
        <ele>455.790052</ele>
        <time>2026-05-29T20:21:16.222Z</time>
      </trkpt>
      <trkpt lat="49.301485" lon="22.588324">
        <ele>456.140216</ele>
        <time>2026-05-29T20:21:20.227Z</time>
      </trkpt>
      <trkpt lat="49.301343" lon="22.588585">
        <ele>456.547338</ele>
        <time>2026-05-29T20:21:25.039Z</time>
      </trkpt>
      <trkpt lat="49.301229" lon="22.588994">
        <ele>457.080080</ele>
        <time>2026-05-29T20:21:31.687Z</time>
      </trkpt>
      <trkpt lat="49.301092" lon="22.590114">
        <ele>458.444925</ele>
        <time>2026-05-29T20:21:49.832Z</time>
      </trkpt>
      <trkpt lat="49.301037" lon="22.590549">
        <ele>458.800399</ele>
        <time>2026-05-29T20:21:56.104Z</time>
      </trkpt>
      <trkpt lat="49.300961" lon="22.590897">
        <ele>458.974540</ele>
        <time>2026-05-29T20:22:00.972Z</time>
      </trkpt>
      <trkpt lat="49.300887" lon="22.591110">
        <ele>459.089058</ele>
        <time>2026-05-29T20:22:04.088Z</time>
      </trkpt>
      <trkpt lat="49.300776" lon="22.591317">
        <ele>459.216225</ele>
        <time>2026-05-29T20:22:07.470Z</time>
      </trkpt>
      <trkpt lat="49.298966" lon="22.593416">
        <ele>460.020276</ele>
        <time>2026-05-29T20:22:41.886Z</time>
      </trkpt>
      <trkpt lat="49.298717" lon="22.593774">
        <ele>460.027682</ele>
        <time>2026-05-29T20:22:46.266Z</time>
      </trkpt>
      <trkpt lat="49.298396" lon="22.594318">
        <ele>460.859085</ele>
        <time>2026-05-29T20:22:53.222Z</time>
      </trkpt>
      <trkpt lat="49.298342" lon="22.594418">
        <ele>461.175196</ele>
        <time>2026-05-29T20:22:54.602Z</time>
      </trkpt>
      <trkpt lat="49.298095" lon="22.594884">
        <ele>462.637287</ele>
        <time>2026-05-29T20:23:02.327Z</time>
      </trkpt>
      <trkpt lat="49.297765" lon="22.595536">
        <ele>464.646767</ele>
        <time>2026-05-29T20:23:19.232Z</time>
      </trkpt>
      <trkpt lat="49.297620" lon="22.595973">
        <ele>465.840563</ele>
        <time>2026-05-29T20:23:32.469Z</time>
      </trkpt>
      <trkpt lat="49.297571" lon="22.596221">
        <ele>466.471489</ele>
        <time>2026-05-29T20:23:39.936Z</time>
      </trkpt>
      <trkpt lat="49.297530" lon="22.596617">
        <ele>468.225627</ele>
        <time>2026-05-29T20:23:51.943Z</time>
      </trkpt>
      <trkpt lat="49.297509" lon="22.597286">
        <ele>471.670808</ele>
        <time>2026-05-29T20:24:12.620Z</time>
      </trkpt>
      <trkpt lat="49.297510" lon="22.598575">
        <ele>478.301160</ele>
        <time>2026-05-29T20:24:53.826Z</time>
      </trkpt>
      <trkpt lat="49.297553" lon="22.598864">
        <ele>479.825916</ele>
        <time>2026-05-29T20:25:02.628Z</time>
      </trkpt>
      <trkpt lat="49.297609" lon="22.599057">
        <ele>480.912498</ele>
        <time>2026-05-29T20:25:08.601Z</time>
      </trkpt>
      <trkpt lat="49.298083" lon="22.600256">
        <ele>486.611900</ele>
        <time>2026-05-29T20:25:48.331Z</time>
      </trkpt>
      <trkpt lat="49.298397" lon="22.601560">
        <ele>492.183979</ele>
        <time>2026-05-29T20:26:22.725Z</time>
      </trkpt>
      <trkpt lat="49.298459" lon="22.601668">
        <ele>492.410513</ele>
        <time>2026-05-29T20:26:25.643Z</time>
      </trkpt>
      <trkpt lat="49.298553" lon="22.601694">
        <ele>492.641117</ele>
        <time>2026-05-29T20:26:28.514Z</time>
      </trkpt>
      <trkpt lat="49.298634" lon="22.601659">
        <ele>492.844289</ele>
        <time>2026-05-29T20:26:30.951Z</time>
      </trkpt>
      <trkpt lat="49.298692" lon="22.601575">
        <ele>493.036896</ele>
        <time>2026-05-29T20:26:33.152Z</time>
      </trkpt>
      <trkpt lat="49.298720" lon="22.601438">
        <ele>493.262932</ele>
        <time>2026-05-29T20:26:35.701Z</time>
      </trkpt>
      <trkpt lat="49.298417" lon="22.599752">
        <ele>496.016311</ele>
        <time>2026-05-29T20:26:59.752Z</time>
      </trkpt>
      <trkpt lat="49.298374" lon="22.599374">
        <ele>496.702086</ele>
        <time>2026-05-29T20:27:04.476Z</time>
      </trkpt>
      <trkpt lat="49.298389" lon="22.599232">
        <ele>497.060191</ele>
        <time>2026-05-29T20:27:06.322Z</time>
      </trkpt>
      <trkpt lat="49.298588" lon="22.598619">
        <ele>498.764830</ele>
        <time>2026-05-29T20:27:16.365Z</time>
      </trkpt>
      <trkpt lat="49.298707" lon="22.598348">
        <ele>499.578148</ele>
        <time>2026-05-29T20:27:21.878Z</time>
      </trkpt>
      <trkpt lat="49.298762" lon="22.598270">
        <ele>499.864130</ele>
        <time>2026-05-29T20:27:23.949Z</time>
      </trkpt>
      <trkpt lat="49.298839" lon="22.598243">
        <ele>500.165658</ele>
        <time>2026-05-29T20:27:26.183Z</time>
      </trkpt>
      <trkpt lat="49.298940" lon="22.598296">
        <ele>500.573167</ele>
        <time>2026-05-29T20:27:29.354Z</time>
      </trkpt>
      <trkpt lat="49.298980" lon="22.598359">
        <ele>500.792056</ele>
        <time>2026-05-29T20:27:31.170Z</time>
      </trkpt>
      <trkpt lat="49.298993" lon="22.598535">
        <ele>501.232989</ele>
        <time>2026-05-29T20:27:34.936Z</time>
      </trkpt>
      <trkpt lat="49.298760" lon="22.599213">
        <ele>503.140822</ele>
        <time>2026-05-29T20:27:53.878Z</time>
      </trkpt>
      <trkpt lat="49.298738" lon="22.599353">
        <ele>503.668855</ele>
        <time>2026-05-29T20:27:57.900Z</time>
      </trkpt>
      <trkpt lat="49.298755" lon="22.599579">
        <ele>504.861784</ele>
        <time>2026-05-29T20:28:04.434Z</time>
      </trkpt>
      <trkpt lat="49.298850" lon="22.599800">
        <ele>506.249759</ele>
        <time>2026-05-29T20:28:12.321Z</time>
      </trkpt>
      <trkpt lat="49.299343" lon="22.600222">
        <ele>510.789767</ele>
        <time>2026-05-29T20:28:39.353Z</time>
      </trkpt>
      <trkpt lat="49.299543" lon="22.600478">
        <ele>512.884585</ele>
        <time>2026-05-29T20:28:52.224Z</time>
      </trkpt>
      <trkpt lat="49.300645" lon="22.603442">
        <ele>532.488726</ele>
        <time>2026-05-29T20:30:42.866Z</time>
      </trkpt>
      <trkpt lat="49.300741" lon="22.603607">
        <ele>533.801457</ele>
        <time>2026-05-29T20:30:50.966Z</time>
      </trkpt>
      <trkpt lat="49.300952" lon="22.603838">
        <ele>536.700107</ele>
        <time>2026-05-29T20:31:06.030Z</time>
      </trkpt>
      <trkpt lat="49.301044" lon="22.603905">
        <ele>537.879695</ele>
        <time>2026-05-29T20:31:12.174Z</time>
      </trkpt>
      <trkpt lat="49.301304" lon="22.603982">
        <ele>540.946646</ele>
        <time>2026-05-29T20:31:28.497Z</time>
      </trkpt>
      <trkpt lat="49.302687" lon="22.603886">
        <ele>556.474690</ele>
        <time>2026-05-29T20:32:58.146Z</time>
      </trkpt>
      <trkpt lat="49.302966" lon="22.603816">
        <ele>558.905752</ele>
        <time>2026-05-29T20:33:14.436Z</time>
      </trkpt>
      <trkpt lat="49.303572" lon="22.603527">
        <ele>564.362987</ele>
        <time>2026-05-29T20:33:45.993Z</time>
      </trkpt>
      <trkpt lat="49.303899" lon="22.603431">
        <ele>567.225972</ele>
        <time>2026-05-29T20:34:00.099Z</time>
      </trkpt>
      <trkpt lat="49.304194" lon="22.603420">
        <ele>569.763476</ele>
        <time>2026-05-29T20:34:11.606Z</time>
      </trkpt>
      <trkpt lat="49.304374" lon="22.603455">
        <ele>571.157481</ele>
        <time>2026-05-29T20:34:18.531Z</time>
      </trkpt>
      <trkpt lat="49.305231" lon="22.603812">
        <ele>577.285574</ele>
        <time>2026-05-29T20:34:53.768Z</time>
      </trkpt>
      <trkpt lat="49.305880" lon="22.603962">
        <ele>581.814640</ele>
        <time>2026-05-29T20:35:22.863Z</time>
      </trkpt>
      <trkpt lat="49.306058" lon="22.604029">
        <ele>583.120149</ele>
        <time>2026-05-29T20:35:31.441Z</time>
      </trkpt>
      <trkpt lat="49.306270" lon="22.604171">
        <ele>585.067111</ele>
        <time>2026-05-29T20:35:42.554Z</time>
      </trkpt>
      <trkpt lat="49.306421" lon="22.604297">
        <ele>586.513867</ele>
        <time>2026-05-29T20:35:51.152Z</time>
      </trkpt>
      <trkpt lat="49.306555" lon="22.604456">
        <ele>587.939743</ele>
        <time>2026-05-29T20:35:59.815Z</time>
      </trkpt>
      <trkpt lat="49.307133" lon="22.605339">
        <ele>594.805716</ele>
        <time>2026-05-29T20:36:41.631Z</time>
      </trkpt>
      <trkpt lat="49.307542" lon="22.605772">
        <ele>598.787791</ele>
        <time>2026-05-29T20:37:05.654Z</time>
      </trkpt>
      <trkpt lat="49.308921" lon="22.607177">
        <ele>609.800509</ele>
        <time>2026-05-29T20:38:12.613Z</time>
      </trkpt>
      <trkpt lat="49.310387" lon="22.608370">
        <ele>620.604722</ele>
        <time>2026-05-29T20:39:16.889Z</time>
      </trkpt>
      <trkpt lat="49.310622" lon="22.608665">
        <ele>623.021531</ele>
        <time>2026-05-29T20:39:31.142Z</time>
      </trkpt>
      <trkpt lat="49.310790" lon="22.608988">
        <ele>625.652834</ele>
        <time>2026-05-29T20:39:44.704Z</time>
      </trkpt>
      <trkpt lat="49.310970" lon="22.609612">
        <ele>629.998149</ele>
        <time>2026-05-29T20:40:09.046Z</time>
      </trkpt>
      <trkpt lat="49.311277" lon="22.610958">
        <ele>639.079044</ele>
        <time>2026-05-29T20:41:04.409Z</time>
      </trkpt>
      <trkpt lat="49.311340" lon="22.611324">
        <ele>641.202042</ele>
        <time>2026-05-29T20:41:18.300Z</time>
      </trkpt>
      <trkpt lat="49.311342" lon="22.611790">
        <ele>643.785109</ele>
        <time>2026-05-29T20:41:34.216Z</time>
      </trkpt>
      <trkpt lat="49.311242" lon="22.612290">
        <ele>646.684062</ele>
        <time>2026-05-29T20:41:50.578Z</time>
      </trkpt>
      <trkpt lat="49.310811" lon="22.613954">
        <ele>656.323327</ele>
        <time>2026-05-29T20:42:42.845Z</time>
      </trkpt>
      <trkpt lat="49.310570" lon="22.614764">
        <ele>660.570069</ele>
        <time>2026-05-29T20:43:09.751Z</time>
      </trkpt>
      <trkpt lat="49.310471" lon="22.615003">
        <ele>661.920653</ele>
        <time>2026-05-29T20:43:18.437Z</time>
      </trkpt>
      <trkpt lat="49.310126" lon="22.615649">
        <ele>665.903689</ele>
        <time>2026-05-29T20:43:44.136Z</time>
      </trkpt>
      <trkpt lat="49.308698" lon="22.618124">
        <ele>677.786072</ele>
        <time>2026-05-29T20:45:02.335Z</time>
      </trkpt>
      <trkpt lat="49.308555" lon="22.618390">
        <ele>678.689576</ele>
        <time>2026-05-29T20:45:08.767Z</time>
      </trkpt>
      <trkpt lat="49.308387" lon="22.618788">
        <ele>679.932111</ele>
        <time>2026-05-29T20:45:17.489Z</time>
      </trkpt>
      <trkpt lat="49.308296" lon="22.619069">
        <ele>680.754355</ele>
        <time>2026-05-29T20:45:23.175Z</time>
      </trkpt>
      <trkpt lat="49.308170" lon="22.619628">
        <ele>682.304384</ele>
        <time>2026-05-29T20:45:33.728Z</time>
      </trkpt>
      <trkpt lat="49.307876" lon="22.621468">
        <ele>687.978099</ele>
        <time>2026-05-29T20:46:14.817Z</time>
      </trkpt>
      <trkpt lat="49.307732" lon="22.622147">
        <ele>690.343176</ele>
        <time>2026-05-29T20:46:32.711Z</time>
      </trkpt>
      <trkpt lat="49.306689" lon="22.625277">
        <ele>700.465291</ele>
        <time>2026-05-29T20:47:53.017Z</time>
      </trkpt>
      <trkpt lat="49.305918" lon="22.628247">
        <ele>700.456479</ele>
        <time>2026-05-29T20:48:24.086Z</time>
      </trkpt>
      <trkpt lat="49.305874" lon="22.628564">
        <ele>699.308764</ele>
        <time>2026-05-29T20:48:26.113Z</time>
      </trkpt>
      <trkpt lat="49.305866" lon="22.629112">
        <ele>697.367697</ele>
        <time>2026-05-29T20:48:29.415Z</time>
      </trkpt>
      <trkpt lat="49.305990" lon="22.631039">
        <ele>690.412618</ele>
        <time>2026-05-29T20:48:40.734Z</time>
      </trkpt>
      <trkpt lat="49.305990" lon="22.631341">
        <ele>689.211607</ele>
        <time>2026-05-29T20:48:42.542Z</time>
      </trkpt>
      <trkpt lat="49.305926" lon="22.631839">
        <ele>687.193026</ele>
        <time>2026-05-29T20:48:45.628Z</time>
      </trkpt>
      <trkpt lat="49.305813" lon="22.632298">
        <ele>685.241861</ele>
        <time>2026-05-29T20:48:48.643Z</time>
      </trkpt>
      <trkpt lat="49.305560" lon="22.633414">
        <ele>680.543045</ele>
        <time>2026-05-29T20:48:55.860Z</time>
      </trkpt>
      <trkpt lat="49.305507" lon="22.633952">
        <ele>676.894173</ele>
        <time>2026-05-29T20:48:58.987Z</time>
      </trkpt>
      <trkpt lat="49.305542" lon="22.634302">
        <ele>674.417879</ele>
        <time>2026-05-29T20:49:00.968Z</time>
      </trkpt>
      <trkpt lat="49.305610" lon="22.634603">
        <ele>672.190110</ele>
        <time>2026-05-29T20:49:02.744Z</time>
      </trkpt>
      <trkpt lat="49.305776" lon="22.634988">
        <ele>668.962233</ele>
        <time>2026-05-29T20:49:05.286Z</time>
      </trkpt>
      <trkpt lat="49.306483" lon="22.636094">
        <ele>658.430246</ele>
        <time>2026-05-29T20:49:13.776Z</time>
      </trkpt>
      <trkpt lat="49.306809" lon="22.636465">
        <ele>654.523898</ele>
        <time>2026-05-29T20:49:17.222Z</time>
      </trkpt>
      <trkpt lat="49.308819" lon="22.638409">
        <ele>635.103423</ele>
        <time>2026-05-29T20:49:38.200Z</time>
      </trkpt>
      <trkpt lat="49.308989" lon="22.638646">
        <ele>633.523380</ele>
        <time>2026-05-29T20:49:40.326Z</time>
      </trkpt>
      <trkpt lat="49.309397" lon="22.639360">
        <ele>630.394459</ele>
        <time>2026-05-29T20:49:46.260Z</time>
      </trkpt>
      <trkpt lat="49.310478" lon="22.641279">
        <ele>625.057697</ele>
        <time>2026-05-29T20:50:03.641Z</time>
      </trkpt>
      <trkpt lat="49.311213" lon="22.642422">
        <ele>621.244507</ele>
        <time>2026-05-29T20:50:14.043Z</time>
      </trkpt>
      <trkpt lat="49.312596" lon="22.644413">
        <ele>614.040838</ele>
        <time>2026-05-29T20:50:32.402Z</time>
      </trkpt>
      <trkpt lat="49.314980" lon="22.647644">
        <ele>603.612263</ele>
        <time>2026-05-29T20:51:04.885Z</time>
      </trkpt>
      <trkpt lat="49.315561" lon="22.648654">
        <ele>600.721728</ele>
        <time>2026-05-29T20:51:13.682Z</time>
      </trkpt>
      <trkpt lat="49.316286" lon="22.650032">
        <ele>596.455060</ele>
        <time>2026-05-29T20:51:25.089Z</time>
      </trkpt>
      <trkpt lat="49.316930" lon="22.651269">
        <ele>592.716455</ele>
        <time>2026-05-29T20:51:35.263Z</time>
      </trkpt>
      <trkpt lat="49.317088" lon="22.651668">
        <ele>591.662901</ele>
        <time>2026-05-29T20:51:38.253Z</time>
      </trkpt>
      <trkpt lat="49.317203" lon="22.651988">
        <ele>590.838277</ele>
        <time>2026-05-29T20:51:40.585Z</time>
      </trkpt>
      <trkpt lat="49.317821" lon="22.654194">
        <ele>587.084734</ele>
        <time>2026-05-29T20:51:56.507Z</time>
      </trkpt>
      <trkpt lat="49.318016" lon="22.654727">
        <ele>586.702786</ele>
        <time>2026-05-29T20:52:01.881Z</time>
      </trkpt>
      <trkpt lat="49.318181" lon="22.655101">
        <ele>586.420577</ele>
        <time>2026-05-29T20:52:06.714Z</time>
      </trkpt>
      <trkpt lat="49.318739" lon="22.655960">
        <ele>585.489139</ele>
        <time>2026-05-29T20:52:22.154Z</time>
      </trkpt>
      <trkpt lat="49.319479" lon="22.656895">
        <ele>584.094280</ele>
        <time>2026-05-29T20:52:34.839Z</time>
      </trkpt>
      <trkpt lat="49.319674" lon="22.657180">
        <ele>583.702414</ele>
        <time>2026-05-29T20:52:37.535Z</time>
      </trkpt>
      <trkpt lat="49.319787" lon="22.657393">
        <ele>583.441951</ele>
        <time>2026-05-29T20:52:39.251Z</time>
      </trkpt>
      <trkpt lat="49.319864" lon="22.657602">
        <ele>582.526737</ele>
        <time>2026-05-29T20:52:40.720Z</time>
      </trkpt>
      <trkpt lat="49.319923" lon="22.657838">
        <ele>581.299152</ele>
        <time>2026-05-29T20:52:42.239Z</time>
      </trkpt>
      <trkpt lat="49.319949" lon="22.658111">
        <ele>579.959202</ele>
        <time>2026-05-29T20:52:43.871Z</time>
      </trkpt>
      <trkpt lat="49.319977" lon="22.660362">
        <ele>569.056995</ele>
        <time>2026-05-29T20:52:56.734Z</time>
      </trkpt>
      <trkpt lat="49.320009" lon="22.660638">
        <ele>567.741357</ele>
        <time>2026-05-29T20:52:58.330Z</time>
      </trkpt>
      <trkpt lat="49.320061" lon="22.660915">
        <ele>566.388519</ele>
        <time>2026-05-29T20:52:59.974Z</time>
      </trkpt>
      <trkpt lat="49.320131" lon="22.661137">
        <ele>565.231146</ele>
        <time>2026-05-29T20:53:01.386Z</time>
      </trkpt>
      <trkpt lat="49.320697" lon="22.662194">
        <ele>558.811296</ele>
        <time>2026-05-29T20:53:09.349Z</time>
      </trkpt>
      <trkpt lat="49.320855" lon="22.662576">
        <ele>556.903712</ele>
        <time>2026-05-29T20:53:12.099Z</time>
      </trkpt>
      <trkpt lat="49.320897" lon="22.662677">
        <ele>556.696315</ele>
        <time>2026-05-29T20:53:12.846Z</time>
      </trkpt>
      <trkpt lat="49.320946" lon="22.663075">
        <ele>555.995134</ele>
        <time>2026-05-29T20:53:15.429Z</time>
      </trkpt>
      <trkpt lat="49.320924" lon="22.663415">
        <ele>555.403650</ele>
        <time>2026-05-29T20:53:17.690Z</time>
      </trkpt>
      <trkpt lat="49.320810" lon="22.664243">
        <ele>553.938629</ele>
        <time>2026-05-29T20:53:23.699Z</time>
      </trkpt>
      <trkpt lat="49.320819" lon="22.664559">
        <ele>553.391063</ele>
        <time>2026-05-29T20:53:26.143Z</time>
      </trkpt>
      <trkpt lat="49.320848" lon="22.664765">
        <ele>553.026223</ele>
        <time>2026-05-29T20:53:27.832Z</time>
      </trkpt>
      <trkpt lat="49.321601" lon="22.667555">
        <ele>549.874078</ele>
        <time>2026-05-29T20:53:51.487Z</time>
      </trkpt>
      <trkpt lat="49.321832" lon="22.668359">
        <ele>549.338218</ele>
        <time>2026-05-29T20:53:57.369Z</time>
      </trkpt>
      <trkpt lat="49.322069" lon="22.668140">
        <ele>549.115334</ele>
        <time>2026-05-29T20:54:00.380Z</time>
      </trkpt>
      <trkpt lat="49.322233" lon="22.668074">
        <ele>548.978746</ele>
        <time>2026-05-29T20:54:02.368Z</time>
      </trkpt>
      <trkpt lat="49.322383" lon="22.668056">
        <ele>548.857537</ele>
        <time>2026-05-29T20:54:04.223Z</time>
      </trkpt>
      <trkpt lat="49.322446" lon="22.668059">
        <ele>548.806760</ele>
        <time>2026-05-29T20:54:05.065Z</time>
      </trkpt>
      <trkpt lat="49.322631" lon="22.668107">
        <ele>548.655608</ele>
        <time>2026-05-29T20:54:07.439Z</time>
      </trkpt>
      <trkpt lat="49.322811" lon="22.668240">
        <ele>548.494659</ele>
        <time>2026-05-29T20:54:09.944Z</time>
      </trkpt>
      <trkpt lat="49.323243" lon="22.668683">
        <ele>548.863276</ele>
        <time>2026-05-29T20:54:19.750Z</time>
      </trkpt>
      <trkpt lat="49.323465" lon="22.668810">
        <ele>549.523143</ele>
        <time>2026-05-29T20:54:27.084Z</time>
      </trkpt>
      <trkpt lat="49.323659" lon="22.668847">
        <ele>550.067605</ele>
        <time>2026-05-29T20:54:33.440Z</time>
      </trkpt>
      <trkpt lat="49.323772" lon="22.668840">
        <ele>550.382574</ele>
        <time>2026-05-29T20:54:37.078Z</time>
      </trkpt>
      <trkpt lat="49.324473" lon="22.668781">
        <ele>552.337841</ele>
        <time>2026-05-29T20:54:57.816Z</time>
      </trkpt>
      <trkpt lat="49.324648" lon="22.668766">
        <ele>552.825987</ele>
        <time>2026-05-29T20:55:02.323Z</time>
      </trkpt>
      <trkpt lat="49.325854" lon="22.668693">
        <ele>555.284551</ele>
        <time>2026-05-29T20:55:28.485Z</time>
      </trkpt>
      <trkpt lat="49.326125" lon="22.668800">
        <ele>555.823370</ele>
        <time>2026-05-29T20:55:34.019Z</time>
      </trkpt>
      <trkpt lat="49.326324" lon="22.668985">
        <ele>556.271398</ele>
        <time>2026-05-29T20:55:38.858Z</time>
      </trkpt>
      <trkpt lat="49.327610" lon="22.670751">
        <ele>560.750738</ele>
        <time>2026-05-29T20:56:21.496Z</time>
      </trkpt>
      <trkpt lat="49.327820" lon="22.670952">
        <ele>561.419368</ele>
        <time>2026-05-29T20:56:28.733Z</time>
      </trkpt>
      <trkpt lat="49.327978" lon="22.671039">
        <ele>561.941428</ele>
        <time>2026-05-29T20:56:33.795Z</time>
      </trkpt>
      <trkpt lat="49.328437" lon="22.671115">
        <ele>563.484993</ele>
        <time>2026-05-29T20:56:47.931Z</time>
      </trkpt>
      <trkpt lat="49.328766" lon="22.671075">
        <ele>564.588444</ele>
        <time>2026-05-29T20:56:58.204Z</time>
      </trkpt>
      <trkpt lat="49.329080" lon="22.670933">
        <ele>565.682942</ele>
        <time>2026-05-29T20:57:08.297Z</time>
      </trkpt>
      <trkpt lat="49.329698" lon="22.670421">
        <ele>567.673485</ele>
        <time>2026-05-29T20:57:26.624Z</time>
      </trkpt>
      <trkpt lat="49.329896" lon="22.670291">
        <ele>567.798962</ele>
        <time>2026-05-29T20:57:31.255Z</time>
      </trkpt>
      <trkpt lat="49.330117" lon="22.670221">
        <ele>567.930436</ele>
        <time>2026-05-29T20:57:35.657Z</time>
      </trkpt>
      <trkpt lat="49.330334" lon="22.670231">
        <ele>568.056922</ele>
        <time>2026-05-29T20:57:39.444Z</time>
      </trkpt>
      <trkpt lat="49.331221" lon="22.670554">
        <ele>568.588062</ele>
        <time>2026-05-29T20:57:51.738Z</time>
      </trkpt>
      <trkpt lat="49.331681" lon="22.670729">
        <ele>568.833243</ele>
        <time>2026-05-29T20:57:58.230Z</time>
      </trkpt>
      <trkpt lat="49.332408" lon="22.671005">
        <ele>569.207723</ele>
        <time>2026-05-29T20:58:09.961Z</time>
      </trkpt>
      <trkpt lat="49.332614" lon="22.671085">
        <ele>569.313976</ele>
        <time>2026-05-29T20:58:13.772Z</time>
      </trkpt>
      <trkpt lat="49.332908" lon="22.671205">
        <ele>569.466095</ele>
        <time>2026-05-29T20:58:19.739Z</time>
      </trkpt>
      <trkpt lat="49.333438" lon="22.671413">
        <ele>570.236989</ele>
        <time>2026-05-29T20:58:31.500Z</time>
      </trkpt>
      <trkpt lat="49.334127" lon="22.671679">
        <ele>571.501444</ele>
        <time>2026-05-29T20:58:46.913Z</time>
      </trkpt>
      <trkpt lat="49.334258" lon="22.671729">
        <ele>571.741694</ele>
        <time>2026-05-29T20:58:49.831Z</time>
      </trkpt>
      <trkpt lat="49.336132" lon="22.672451">
        <ele>576.084993</ele>
        <time>2026-05-29T20:59:35.126Z</time>
      </trkpt>
      <trkpt lat="49.336236" lon="22.672491">
        <ele>576.346725</ele>
        <time>2026-05-29T20:59:38.041Z</time>
      </trkpt>
      <trkpt lat="49.336621" lon="22.672639">
        <ele>577.312231</ele>
        <time>2026-05-29T20:59:48.899Z</time>
      </trkpt>
      <trkpt lat="49.337056" lon="22.672806">
        <ele>578.386143</ele>
        <time>2026-05-29T21:00:01.567Z</time>
      </trkpt>
      <trkpt lat="49.337731" lon="22.673065">
        <ele>580.052504</ele>
        <time>2026-05-29T21:00:19.863Z</time>
      </trkpt>
      <trkpt lat="49.338281" lon="22.673276">
        <ele>581.410264</ele>
        <time>2026-05-29T21:00:31.490Z</time>
      </trkpt>
      <trkpt lat="49.338846" lon="22.673496">
        <ele>581.723802</ele>
        <time>2026-05-29T21:00:42.454Z</time>
      </trkpt>
      <trkpt lat="49.339136" lon="22.673610">
        <ele>581.870688</ele>
        <time>2026-05-29T21:00:47.474Z</time>
      </trkpt>
      <trkpt lat="49.339780" lon="22.673863">
        <ele>582.196865</ele>
        <time>2026-05-29T21:00:57.182Z</time>
      </trkpt>
      <trkpt lat="49.340055" lon="22.673966">
        <ele>582.338300</ele>
        <time>2026-05-29T21:01:01.611Z</time>
      </trkpt>
      <trkpt lat="49.340809" lon="22.674264">
        <ele>582.836768</ele>
        <time>2026-05-29T21:01:13.623Z</time>
      </trkpt>
      <trkpt lat="49.341052" lon="22.674414">
        <ele>583.004450</ele>
        <time>2026-05-29T21:01:17.586Z</time>
      </trkpt>
      <trkpt lat="49.341339" lon="22.674697">
        <ele>583.222845</ele>
        <time>2026-05-29T21:01:23.624Z</time>
      </trkpt>
      <trkpt lat="49.341895" lon="22.675363">
        <ele>584.284202</ele>
        <time>2026-05-29T21:01:38.547Z</time>
      </trkpt>
      <trkpt lat="49.342121" lon="22.675629">
        <ele>585.035437</ele>
        <time>2026-05-29T21:01:45.404Z</time>
      </trkpt>
      <trkpt lat="49.342697" lon="22.676342">
        <ele>586.987326</ele>
        <time>2026-05-29T21:02:05.290Z</time>
      </trkpt>
      <trkpt lat="49.343378" lon="22.677257">
        <ele>589.413792</ele>
        <time>2026-05-29T21:02:30.706Z</time>
      </trkpt>
      <trkpt lat="49.345030" lon="22.679634">
        <ele>595.159039</ele>
        <time>2026-05-29T21:03:26.963Z</time>
      </trkpt>
      <trkpt lat="49.345198" lon="22.679871">
        <ele>595.672479</ele>
        <time>2026-05-29T21:03:32.005Z</time>
      </trkpt>
      <trkpt lat="49.345503" lon="22.680307">
        <ele>596.610320</ele>
        <time>2026-05-29T21:03:41.604Z</time>
      </trkpt>
      <trkpt lat="49.345959" lon="22.680971">
        <ele>598.405770</ele>
        <time>2026-05-29T21:03:56.017Z</time>
      </trkpt>
      <trkpt lat="49.346248" lon="22.681390">
        <ele>599.702050</ele>
        <time>2026-05-29T21:04:05.821Z</time>
      </trkpt>
      <trkpt lat="49.346629" lon="22.681943">
        <ele>601.411881</ele>
        <time>2026-05-29T21:04:20.187Z</time>
      </trkpt>
      <trkpt lat="49.346880" lon="22.682216">
        <ele>602.414978</ele>
        <time>2026-05-29T21:04:29.346Z</time>
      </trkpt>
      <trkpt lat="49.347873" lon="22.682853">
        <ele>608.371577</ele>
        <time>2026-05-29T21:05:09.571Z</time>
      </trkpt>
      <trkpt lat="49.348052" lon="22.682940">
        <ele>609.503480</ele>
        <time>2026-05-29T21:05:17.225Z</time>
      </trkpt>
      <trkpt lat="49.348194" lon="22.682964">
        <ele>610.364699</ele>
        <time>2026-05-29T21:05:23.066Z</time>
      </trkpt>
      <trkpt lat="49.348455" lon="22.682919">
        <ele>611.948031</ele>
        <time>2026-05-29T21:05:33.910Z</time>
      </trkpt>
      <trkpt lat="49.348681" lon="22.682782">
        <ele>613.412862</ele>
        <time>2026-05-29T21:05:44.278Z</time>
      </trkpt>
      <trkpt lat="49.348863" lon="22.682571">
        <ele>614.875083</ele>
        <time>2026-05-29T21:05:54.258Z</time>
      </trkpt>
      <trkpt lat="49.349086" lon="22.682135">
        <ele>617.262308</ele>
        <time>2026-05-29T21:06:10.095Z</time>
      </trkpt>
      <trkpt lat="49.349270" lon="22.681772">
        <ele>619.243063</ele>
        <time>2026-05-29T21:06:22.000Z</time>
      </trkpt>
      <trkpt lat="49.349430" lon="22.681583">
        <ele>620.577697</ele>
        <time>2026-05-29T21:06:30.213Z</time>
      </trkpt>
      <trkpt lat="49.349684" lon="22.681421">
        <ele>622.395987</ele>
        <time>2026-05-29T21:06:41.511Z</time>
      </trkpt>
      <trkpt lat="49.349863" lon="22.681382">
        <ele>623.591166</ele>
        <time>2026-05-29T21:06:49.111Z</time>
      </trkpt>
      <trkpt lat="49.349972" lon="22.681396">
        <ele>624.314253</ele>
        <time>2026-05-29T21:06:53.736Z</time>
      </trkpt>
      <trkpt lat="49.350198" lon="22.681488">
        <ele>625.814760</ele>
        <time>2026-05-29T21:07:03.754Z</time>
      </trkpt>
      <trkpt lat="49.350431" lon="22.681696">
        <ele>626.654331</ele>
        <time>2026-05-29T21:07:15.100Z</time>
      </trkpt>
      <trkpt lat="49.350947" lon="22.682641">
        <ele>629.156386</ele>
        <time>2026-05-29T21:07:41.922Z</time>
      </trkpt>
      <trkpt lat="49.351106" lon="22.682841">
        <ele>629.796685</ele>
        <time>2026-05-29T21:07:46.910Z</time>
      </trkpt>
      <trkpt lat="49.351330" lon="22.683014">
        <ele>630.577750</ele>
        <time>2026-05-29T21:07:51.841Z</time>
      </trkpt>
      <trkpt lat="49.351518" lon="22.683079">
        <ele>631.178019</ele>
        <time>2026-05-29T21:07:54.471Z</time>
      </trkpt>
      <trkpt lat="49.351703" lon="22.683076">
        <ele>630.691907</ele>
        <time>2026-05-29T21:07:56.552Z</time>
      </trkpt>
      <trkpt lat="49.351946" lon="22.682980">
        <ele>629.272110</ele>
        <time>2026-05-29T21:07:59.092Z</time>
      </trkpt>
      <trkpt lat="49.352159" lon="22.682840">
        <ele>627.961042</ele>
        <time>2026-05-29T21:08:01.284Z</time>
      </trkpt>
      <trkpt lat="49.352337" lon="22.682669">
        <ele>626.772885</ele>
        <time>2026-05-29T21:08:03.208Z</time>
      </trkpt>
      <trkpt lat="49.352557" lon="22.682361">
        <ele>625.088108</ele>
        <time>2026-05-29T21:08:05.892Z</time>
      </trkpt>
      <trkpt lat="49.353329" lon="22.681047">
        <ele>618.531007</ele>
        <time>2026-05-29T21:08:16.026Z</time>
      </trkpt>
      <trkpt lat="49.353682" lon="22.680527">
        <ele>615.726074</ele>
        <time>2026-05-29T21:08:20.441Z</time>
      </trkpt>
      <trkpt lat="49.353834" lon="22.680385">
        <ele>614.705919</ele>
        <time>2026-05-29T21:08:22.098Z</time>
      </trkpt>
      <trkpt lat="49.354382" lon="22.680064">
        <ele>611.343070</ele>
        <time>2026-05-29T21:08:27.806Z</time>
      </trkpt>
      <trkpt lat="49.354662" lon="22.679835">
        <ele>610.437642</ele>
        <time>2026-05-29T21:08:31.176Z</time>
      </trkpt>
      <trkpt lat="49.355076" lon="22.679326">
        <ele>609.434568</ele>
        <time>2026-05-29T21:08:37.490Z</time>
      </trkpt>
      <trkpt lat="49.355161" lon="22.679214">
        <ele>609.222729</ele>
        <time>2026-05-29T21:08:38.853Z</time>
      </trkpt>
      <trkpt lat="49.355515" lon="22.678752">
        <ele>608.344043</ele>
        <time>2026-05-29T21:08:44.456Z</time>
      </trkpt>
      <trkpt lat="49.356141" lon="22.677928">
        <ele>606.114680</ele>
        <time>2026-05-29T21:08:53.491Z</time>
      </trkpt>
      <trkpt lat="49.356737" lon="22.677127">
        <ele>603.185357</ele>
        <time>2026-05-29T21:09:01.346Z</time>
      </trkpt>
      <trkpt lat="49.357004" lon="22.676603">
        <ele>601.582812</ele>
        <time>2026-05-29T21:09:05.436Z</time>
      </trkpt>
      <trkpt lat="49.357604" lon="22.675163">
        <ele>596.890934</ele>
        <time>2026-05-29T21:09:15.932Z</time>
      </trkpt>
      <trkpt lat="49.357992" lon="22.674300">
        <ele>593.934494</ele>
        <time>2026-05-29T21:09:22.579Z</time>
      </trkpt>
      <trkpt lat="49.358348" lon="22.673788">
        <ele>592.252237</ele>
        <time>2026-05-29T21:09:27.566Z</time>
      </trkpt>
      <trkpt lat="49.358492" lon="22.673611">
        <ele>591.733424</ele>
        <time>2026-05-29T21:09:29.497Z</time>
      </trkpt>
      <trkpt lat="49.359667" lon="22.672096">
        <ele>587.555703</ele>
        <time>2026-05-29T21:09:45.559Z</time>
      </trkpt>
      <trkpt lat="49.360554" lon="22.670752">
        <ele>584.895302</ele>
        <time>2026-05-29T21:09:58.851Z</time>
      </trkpt>
      <trkpt lat="49.361620" lon="22.669114">
        <ele>582.250592</ele>
        <time>2026-05-29T21:10:16.642Z</time>
      </trkpt>
      <trkpt lat="49.362324" lon="22.668051">
        <ele>580.255099</ele>
        <time>2026-05-29T21:10:27.540Z</time>
      </trkpt>
      <trkpt lat="49.362602" lon="22.667561">
        <ele>579.102169</ele>
        <time>2026-05-29T21:10:31.822Z</time>
      </trkpt>
      <trkpt lat="49.363234" lon="22.666299">
        <ele>576.271852</ele>
        <time>2026-05-29T21:10:42.523Z</time>
      </trkpt>
      <trkpt lat="49.363248" lon="22.666271">
        <ele>576.194131</ele>
        <time>2026-05-29T21:10:42.756Z</time>
      </trkpt>
      <trkpt lat="49.363689" lon="22.665397">
        <ele>573.759889</ele>
        <time>2026-05-29T21:10:50.135Z</time>
      </trkpt>
      <trkpt lat="49.363905" lon="22.664957">
        <ele>572.546762</ele>
        <time>2026-05-29T21:10:53.796Z</time>
      </trkpt>
      <trkpt lat="49.364333" lon="22.664066">
        <ele>570.080548</ele>
        <time>2026-05-29T21:11:00.939Z</time>
      </trkpt>
      <trkpt lat="49.364496" lon="22.663708">
        <ele>568.874622</ele>
        <time>2026-05-29T21:11:03.665Z</time>
      </trkpt>
      <trkpt lat="49.365022" lon="22.662527">
        <ele>564.924685</ele>
        <time>2026-05-29T21:11:12.587Z</time>
      </trkpt>
      <trkpt lat="49.365310" lon="22.661869">
        <ele>562.736016</ele>
        <time>2026-05-29T21:11:17.632Z</time>
      </trkpt>
      <trkpt lat="49.365634" lon="22.660947">
        <ele>560.533481</ele>
        <time>2026-05-29T21:11:24.268Z</time>
      </trkpt>
      <trkpt lat="49.365882" lon="22.660316">
        <ele>559.008503</ele>
        <time>2026-05-29T21:11:29.214Z</time>
      </trkpt>
      <trkpt lat="49.366023" lon="22.660092">
        <ele>558.363893</ele>
        <time>2026-05-29T21:11:31.355Z</time>
      </trkpt>
      <trkpt lat="49.366137" lon="22.659964">
        <ele>557.915182</ele>
        <time>2026-05-29T21:11:32.816Z</time>
      </trkpt>
      <trkpt lat="49.366580" lon="22.659640">
        <ele>556.572249</ele>
        <time>2026-05-29T21:11:37.952Z</time>
      </trkpt>
      <trkpt lat="49.366840" lon="22.659437">
        <ele>556.026013</ele>
        <time>2026-05-29T21:11:41.124Z</time>
      </trkpt>
      <trkpt lat="49.366960" lon="22.659298">
        <ele>555.744518</ele>
        <time>2026-05-29T21:11:42.817Z</time>
      </trkpt>
      <trkpt lat="49.367047" lon="22.659163">
        <ele>555.512890</ele>
        <time>2026-05-29T21:11:44.251Z</time>
      </trkpt>
      <trkpt lat="49.367144" lon="22.658974">
        <ele>555.219417</ele>
        <time>2026-05-29T21:11:46.086Z</time>
      </trkpt>
      <trkpt lat="49.367382" lon="22.658444">
        <ele>554.434282</ele>
        <time>2026-05-29T21:11:50.798Z</time>
      </trkpt>
      <trkpt lat="49.368114" lon="22.656813">
        <ele>552.353230</ele>
        <time>2026-05-29T21:12:05.376Z</time>
      </trkpt>
      <trkpt lat="49.368523" lon="22.655906">
        <ele>551.308871</ele>
        <time>2026-05-29T21:12:13.860Z</time>
      </trkpt>
      <trkpt lat="49.369762" lon="22.653569">
        <ele>548.302753</ele>
        <time>2026-05-29T21:12:36.746Z</time>
      </trkpt>
      <trkpt lat="49.371264" lon="22.650733">
        <ele>543.046999</ele>
        <time>2026-05-29T21:13:01.998Z</time>
      </trkpt>
      <trkpt lat="49.371616" lon="22.650071">
        <ele>542.006716</ele>
        <time>2026-05-29T21:13:08.488Z</time>
      </trkpt>
      <trkpt lat="49.371678" lon="22.649954">
        <ele>541.823110</ele>
        <time>2026-05-29T21:13:09.623Z</time>
      </trkpt>
      <trkpt lat="49.371812" lon="22.649709">
        <ele>541.433668</ele>
        <time>2026-05-29T21:13:12.105Z</time>
      </trkpt>
      <trkpt lat="49.373038" lon="22.647413">
        <ele>537.394801</ele>
        <time>2026-05-29T21:13:33.203Z</time>
      </trkpt>
      <trkpt lat="49.373339" lon="22.646832">
        <ele>536.407470</ele>
        <time>2026-05-29T21:13:38.302Z</time>
      </trkpt>
      <trkpt lat="49.373626" lon="22.646427">
        <ele>535.716833</ele>
        <time>2026-05-29T21:13:42.473Z</time>
      </trkpt>
      <trkpt lat="49.373838" lon="22.646252">
        <ele>535.290350</ele>
        <time>2026-05-29T21:13:45.063Z</time>
      </trkpt>
      <trkpt lat="49.374254" lon="22.645981">
        <ele>534.489638</ele>
        <time>2026-05-29T21:13:50.001Z</time>
      </trkpt>
      <trkpt lat="49.375205" lon="22.645363">
        <ele>533.138025</ele>
        <time>2026-05-29T21:14:02.740Z</time>
      </trkpt>
      <trkpt lat="49.375688" lon="22.645043">
        <ele>532.749384</ele>
        <time>2026-05-29T21:14:10.110Z</time>
      </trkpt>
      <trkpt lat="49.375784" lon="22.644979">
        <ele>532.672063</ele>
        <time>2026-05-29T21:14:11.506Z</time>
      </trkpt>
      <trkpt lat="49.376007" lon="22.644831">
        <ele>532.492580</ele>
        <time>2026-05-29T21:14:14.642Z</time>
      </trkpt>
      <trkpt lat="49.376554" lon="22.644455">
        <ele>531.982847</ele>
        <time>2026-05-29T21:14:22.028Z</time>
      </trkpt>
      <trkpt lat="49.377167" lon="22.643825">
        <ele>531.077591</ele>
        <time>2026-05-29T21:14:30.815Z</time>
      </trkpt>
      <trkpt lat="49.377762" lon="22.643214">
        <ele>530.199142</ele>
        <time>2026-05-29T21:14:38.982Z</time>
      </trkpt>
      <trkpt lat="49.378493" lon="22.642461">
        <ele>529.182867</ele>
        <time>2026-05-29T21:14:49.720Z</time>
      </trkpt>
      <trkpt lat="49.378513" lon="22.642440">
        <ele>529.155440</ele>
        <time>2026-05-29T21:14:50.011Z</time>
      </trkpt>
      <trkpt lat="49.378710" lon="22.642238">
        <ele>528.887287</ele>
        <time>2026-05-29T21:14:52.774Z</time>
      </trkpt>
      <trkpt lat="49.379051" lon="22.641882">
        <ele>528.420513</ele>
        <time>2026-05-29T21:14:57.714Z</time>
      </trkpt>
      <trkpt lat="49.379292" lon="22.641632">
        <ele>528.091285</ele>
        <time>2026-05-29T21:15:01.249Z</time>
      </trkpt>
      <trkpt lat="49.379345" lon="22.641586">
        <ele>528.022367</ele>
        <time>2026-05-29T21:15:01.964Z</time>
      </trkpt>
      <trkpt lat="49.379551" lon="22.641432">
        <ele>527.729437</ele>
        <time>2026-05-29T21:15:04.783Z</time>
      </trkpt>
      <trkpt lat="49.379743" lon="22.641364">
        <ele>527.454491</ele>
        <time>2026-05-29T21:15:07.385Z</time>
      </trkpt>
      <trkpt lat="49.380141" lon="22.641357">
        <ele>526.899085</ele>
        <time>2026-05-29T21:15:12.423Z</time>
      </trkpt>
      <trkpt lat="49.380806" lon="22.641377">
        <ele>525.970966</ele>
        <time>2026-05-29T21:15:20.292Z</time>
      </trkpt>
      <trkpt lat="49.380997" lon="22.641309">
        <ele>525.697379</ele>
        <time>2026-05-29T21:15:22.481Z</time>
      </trkpt>
      <trkpt lat="49.381138" lon="22.641202">
        <ele>525.477926</ele>
        <time>2026-05-29T21:15:24.190Z</time>
      </trkpt>
      <trkpt lat="49.381351" lon="22.640946">
        <ele>524.778190</ele>
        <time>2026-05-29T21:15:27.050Z</time>
      </trkpt>
      <trkpt lat="49.382184" lon="22.639456">
        <ele>521.057277</ele>
        <time>2026-05-29T21:15:39.968Z</time>
      </trkpt>
      <trkpt lat="49.383183" lon="22.637637">
        <ele>517.465080</ele>
        <time>2026-05-29T21:15:56.025Z</time>
      </trkpt>
      <trkpt lat="49.383393" lon="22.637318">
        <ele>516.823513</ele>
        <time>2026-05-29T21:15:59.589Z</time>
      </trkpt>
      <trkpt lat="49.383629" lon="22.637083">
        <ele>516.240725</ele>
        <time>2026-05-29T21:16:03.144Z</time>
      </trkpt>
      <trkpt lat="49.383787" lon="22.636978">
        <ele>516.109356</ele>
        <time>2026-05-29T21:16:05.388Z</time>
      </trkpt>
      <trkpt lat="49.383998" lon="22.636846">
        <ele>515.935501</ele>
        <time>2026-05-29T21:16:08.487Z</time>
      </trkpt>
      <trkpt lat="49.384636" lon="22.636471">
        <ele>515.414219</ele>
        <time>2026-05-29T21:16:17.752Z</time>
      </trkpt>
      <trkpt lat="49.385379" lon="22.636037">
        <ele>514.839543</ele>
        <time>2026-05-29T21:16:27.310Z</time>
      </trkpt>
      <trkpt lat="49.385927" lon="22.635726">
        <ele>514.581442</ele>
        <time>2026-05-29T21:16:34.639Z</time>
      </trkpt>
      <trkpt lat="49.386184" lon="22.635590">
        <ele>514.461350</ele>
        <time>2026-05-29T21:16:38.317Z</time>
      </trkpt>
      <trkpt lat="49.386500" lon="22.635548">
        <ele>514.321219</ele>
        <time>2026-05-29T21:16:42.921Z</time>
      </trkpt>
      <trkpt lat="49.387565" lon="22.635788">
        <ele>513.931966</ele>
        <time>2026-05-29T21:16:58.897Z</time>
      </trkpt>
      <trkpt lat="49.387835" lon="22.635916">
        <ele>513.851444</ele>
        <time>2026-05-29T21:17:02.824Z</time>
      </trkpt>
      <trkpt lat="49.388149" lon="22.636266">
        <ele>513.740892</ele>
        <time>2026-05-29T21:17:08.108Z</time>
      </trkpt>
      <trkpt lat="49.389122" lon="22.637607">
        <ele>512.702614</ele>
        <time>2026-05-29T21:17:25.340Z</time>
      </trkpt>
      <trkpt lat="49.389884" lon="22.638728">
        <ele>511.438853</ele>
        <time>2026-05-29T21:17:37.724Z</time>
      </trkpt>
      <trkpt lat="49.390072" lon="22.638894">
        <ele>510.954937</ele>
        <time>2026-05-29T21:17:40.003Z</time>
      </trkpt>
      <trkpt lat="49.390658" lon="22.639284">
        <ele>509.483082</ele>
        <time>2026-05-29T21:17:46.463Z</time>
      </trkpt>
      <trkpt lat="49.391437" lon="22.639809">
        <ele>507.522545</ele>
        <time>2026-05-29T21:17:55.259Z</time>
      </trkpt>
      <trkpt lat="49.394524" lon="22.642213">
        <ele>505.924756</ele>
        <time>2026-05-29T21:18:45.988Z</time>
      </trkpt>
      <trkpt lat="49.394659" lon="22.642366">
        <ele>505.842235</ele>
        <time>2026-05-29T21:18:47.872Z</time>
      </trkpt>
      <trkpt lat="49.394797" lon="22.642585">
        <ele>505.533729</ele>
        <time>2026-05-29T21:18:50.012Z</time>
      </trkpt>
      <trkpt lat="49.395539" lon="22.644196">
        <ele>502.697816</ele>
        <time>2026-05-29T21:19:03.522Z</time>
      </trkpt>
      <trkpt lat="49.395828" lon="22.644778">
        <ele>501.688372</ele>
        <time>2026-05-29T21:19:08.608Z</time>
      </trkpt>
      <trkpt lat="49.395943" lon="22.645001">
        <ele>501.371801</ele>
        <time>2026-05-29T21:19:10.655Z</time>
      </trkpt>
      <trkpt lat="49.395961" lon="22.645035">
        <ele>501.323035</ele>
        <time>2026-05-29T21:19:10.979Z</time>
      </trkpt>
      <trkpt lat="49.396478" lon="22.646017">
        <ele>499.917679</ele>
        <time>2026-05-29T21:19:20.542Z</time>
      </trkpt>
      <trkpt lat="49.396729" lon="22.646500">
        <ele>499.229975</ele>
        <time>2026-05-29T21:19:25.041Z</time>
      </trkpt>
      <trkpt lat="49.397387" lon="22.647743">
        <ele>497.447733</ele>
        <time>2026-05-29T21:19:36.916Z</time>
      </trkpt>
      <trkpt lat="49.397881" lon="22.648460">
        <ele>496.286419</ele>
        <time>2026-05-29T21:19:44.644Z</time>
      </trkpt>
      <trkpt lat="49.398122" lon="22.648731">
        <ele>495.776052</ele>
        <time>2026-05-29T21:19:47.977Z</time>
      </trkpt>
      <trkpt lat="49.398647" lon="22.649211">
        <ele>494.435019</ele>
        <time>2026-05-29T21:19:54.673Z</time>
      </trkpt>
      <trkpt lat="49.399489" lon="22.649859">
        <ele>492.324239</ele>
        <time>2026-05-29T21:20:04.683Z</time>
      </trkpt>
      <trkpt lat="49.399842" lon="22.650053">
        <ele>491.533534</ele>
        <time>2026-05-29T21:20:08.651Z</time>
      </trkpt>
      <trkpt lat="49.400054" lon="22.650119">
        <ele>491.190371</ele>
        <time>2026-05-29T21:20:10.959Z</time>
      </trkpt>
      <trkpt lat="49.400270" lon="22.650142">
        <ele>490.846873</ele>
        <time>2026-05-29T21:20:13.302Z</time>
      </trkpt>
      <trkpt lat="49.400583" lon="22.650092">
        <ele>490.347633</ele>
        <time>2026-05-29T21:20:16.766Z</time>
      </trkpt>
      <trkpt lat="49.400987" lon="22.649905">
        <ele>489.678256</ele>
        <time>2026-05-29T21:20:21.574Z</time>
      </trkpt>
      <trkpt lat="49.401288" lon="22.649638">
        <ele>489.126880</ele>
        <time>2026-05-29T21:20:25.855Z</time>
      </trkpt>
      <trkpt lat="49.401452" lon="22.649441">
        <ele>488.798613</ele>
        <time>2026-05-29T21:20:28.530Z</time>
      </trkpt>
      <trkpt lat="49.401618" lon="22.649181">
        <ele>488.630073</ele>
        <time>2026-05-29T21:20:31.684Z</time>
      </trkpt>
      <trkpt lat="49.401691" lon="22.649040">
        <ele>488.546700</ele>
        <time>2026-05-29T21:20:33.314Z</time>
      </trkpt>
      <trkpt lat="49.401722" lon="22.648972">
        <ele>488.508283</ele>
        <time>2026-05-29T21:20:34.102Z</time>
      </trkpt>
      <trkpt lat="49.402132" lon="22.648066">
        <ele>487.997660</ele>
        <time>2026-05-29T21:20:44.303Z</time>
      </trkpt>
      <trkpt lat="49.402458" lon="22.647361">
        <ele>487.597477</ele>
        <time>2026-05-29T21:20:51.512Z</time>
      </trkpt>
      <trkpt lat="49.403727" lon="22.644549">
        <ele>483.521945</ele>
        <time>2026-05-29T21:21:15.761Z</time>
      </trkpt>
      <trkpt lat="49.403910" lon="22.644146">
        <ele>483.041880</ele>
        <time>2026-05-29T21:21:19.318Z</time>
      </trkpt>
      <trkpt lat="49.404123" lon="22.643686">
        <ele>482.490356</ele>
        <time>2026-05-29T21:21:23.489Z</time>
      </trkpt>
      <trkpt lat="49.404425" lon="22.643050">
        <ele>481.721232</ele>
        <time>2026-05-29T21:21:29.565Z</time>
      </trkpt>
      <trkpt lat="49.404718" lon="22.642597">
        <ele>481.163120</ele>
        <time>2026-05-29T21:21:34.747Z</time>
      </trkpt>
      <trkpt lat="49.405547" lon="22.641492">
        <ele>480.041078</ele>
        <time>2026-05-29T21:21:48.309Z</time>
      </trkpt>
      <trkpt lat="49.406551" lon="22.640158">
        <ele>480.169839</ele>
        <time>2026-05-29T21:22:04.142Z</time>
      </trkpt>
      <trkpt lat="49.406744" lon="22.639893">
        <ele>480.408897</ele>
        <time>2026-05-29T21:22:08.014Z</time>
      </trkpt>
      <trkpt lat="49.407596" lon="22.638761">
        <ele>482.142691</ele>
        <time>2026-05-29T21:22:38.504Z</time>
      </trkpt>
      <trkpt lat="49.407820" lon="22.638459">
        <ele>483.008566</ele>
        <time>2026-05-29T21:22:49.140Z</time>
      </trkpt>
      <trkpt lat="49.408435" lon="22.637631">
        <ele>485.384411</ele>
        <time>2026-05-29T21:23:13.622Z</time>
      </trkpt>
      <trkpt lat="49.408699" lon="22.637192">
        <ele>486.255521</ele>
        <time>2026-05-29T21:23:21.775Z</time>
      </trkpt>
      <trkpt lat="49.408771" lon="22.637038">
        <ele>486.040614</ele>
        <time>2026-05-29T21:23:23.672Z</time>
      </trkpt>
      <trkpt lat="49.409605" lon="22.635164">
        <ele>483.467609</ele>
        <time>2026-05-29T21:23:39.489Z</time>
      </trkpt>
      <trkpt lat="49.409854" lon="22.634706">
        <ele>482.405620</ele>
        <time>2026-05-29T21:23:43.436Z</time>
      </trkpt>
      <trkpt lat="49.410105" lon="22.634429">
        <ele>481.383232</ele>
        <time>2026-05-29T21:23:46.564Z</time>
      </trkpt>
      <trkpt lat="49.411668" lon="22.633134">
        <ele>475.667330</ele>
        <time>2026-05-29T21:24:04.295Z</time>
      </trkpt>
      <trkpt lat="49.411808" lon="22.633016">
        <ele>475.186777</ele>
        <time>2026-05-29T21:24:05.898Z</time>
      </trkpt>
      <trkpt lat="49.412168" lon="22.632608">
        <ele>473.840588</ele>
        <time>2026-05-29T21:24:10.398Z</time>
      </trkpt>
      <trkpt lat="49.412289" lon="22.632413">
        <ele>473.312932</ele>
        <time>2026-05-29T21:24:12.182Z</time>
      </trkpt>
      <trkpt lat="49.412476" lon="22.632024">
        <ele>472.365850</ele>
        <time>2026-05-29T21:24:15.418Z</time>
      </trkpt>
      <trkpt lat="49.413174" lon="22.630482">
        <ele>470.746380</ele>
        <time>2026-05-29T21:24:29.404Z</time>
      </trkpt>
      <trkpt lat="49.413606" lon="22.629520">
        <ele>469.965551</ele>
        <time>2026-05-29T21:24:40.043Z</time>
      </trkpt>
      <trkpt lat="49.413914" lon="22.628843">
        <ele>470.162466</ele>
        <time>2026-05-29T21:24:48.853Z</time>
      </trkpt>
      <trkpt lat="49.414175" lon="22.628276">
        <ele>470.328027</ele>
        <time>2026-05-29T21:24:56.730Z</time>
      </trkpt>
      <trkpt lat="49.414431" lon="22.627708">
        <ele>470.492732</ele>
        <time>2026-05-29T21:25:05.106Z</time>
      </trkpt>
      <trkpt lat="49.414662" lon="22.627210">
        <ele>470.580319</ele>
        <time>2026-05-29T21:25:11.415Z</time>
      </trkpt>
      <trkpt lat="49.414845" lon="22.626919">
        <ele>470.385202</ele>
        <time>2026-05-29T21:25:15.175Z</time>
      </trkpt>
      <trkpt lat="49.415085" lon="22.626700">
        <ele>470.178379</ele>
        <time>2026-05-29T21:25:18.746Z</time>
      </trkpt>
      <trkpt lat="49.415784" lon="22.626141">
        <ele>469.594494</ele>
        <time>2026-05-29T21:25:28.014Z</time>
      </trkpt>
      <trkpt lat="49.416228" lon="22.625533">
        <ele>469.301733</ele>
        <time>2026-05-29T21:25:35.159Z</time>
      </trkpt>
      <trkpt lat="49.416754" lon="22.624742">
        <ele>469.364696</ele>
        <time>2026-05-29T21:25:45.886Z</time>
      </trkpt>
      <trkpt lat="49.416784" lon="22.624688">
        <ele>469.368649</ele>
        <time>2026-05-29T21:25:46.649Z</time>
      </trkpt>
      <trkpt lat="49.418454" lon="22.620951">
        <ele>470.614158</ele>
        <time>2026-05-29T21:26:38.081Z</time>
      </trkpt>
      <trkpt lat="49.418961" lon="22.619776">
        <ele>470.962933</ele>
        <time>2026-05-29T21:26:50.269Z</time>
      </trkpt>
      <trkpt lat="49.419505" lon="22.617522">
        <ele>472.591048</ele>
        <time>2026-05-29T21:27:21.634Z</time>
      </trkpt>
      <trkpt lat="49.419572" lon="22.617246">
        <ele>472.862838</ele>
        <time>2026-05-29T21:27:26.304Z</time>
      </trkpt>
      <trkpt lat="49.419667" lon="22.616847">
        <ele>473.254837</ele>
        <time>2026-05-29T21:27:32.814Z</time>
      </trkpt>
      <trkpt lat="49.419779" lon="22.616385">
        <ele>473.709713</ele>
        <time>2026-05-29T21:27:39.680Z</time>
      </trkpt>
      <trkpt lat="49.419786" lon="22.616361">
        <ele>473.729733</ele>
        <time>2026-05-29T21:27:40.023Z</time>
      </trkpt>
      <trkpt lat="49.419854" lon="22.616081">
        <ele>473.711975</ele>
        <time>2026-05-29T21:27:43.708Z</time>
      </trkpt>
      <trkpt lat="49.420079" lon="22.615144">
        <ele>473.652628</ele>
        <time>2026-05-29T21:27:53.881Z</time>
      </trkpt>
      <trkpt lat="49.420178" lon="22.614755">
        <ele>473.627809</ele>
        <time>2026-05-29T21:27:57.399Z</time>
      </trkpt>
      <trkpt lat="49.420216" lon="22.614598">
        <ele>473.617855</ele>
        <time>2026-05-29T21:27:58.815Z</time>
      </trkpt>
      <trkpt lat="49.420366" lon="22.614127">
        <ele>473.586696</ele>
        <time>2026-05-29T21:28:03.090Z</time>
      </trkpt>
      <trkpt lat="49.420538" lon="22.613830">
        <ele>473.523305</ele>
        <time>2026-05-29T21:28:06.286Z</time>
      </trkpt>
      <trkpt lat="49.420636" lon="22.613712">
        <ele>473.340189</ele>
        <time>2026-05-29T21:28:07.799Z</time>
      </trkpt>
      <trkpt lat="49.420782" lon="22.613604">
        <ele>473.101850</ele>
        <time>2026-05-29T21:28:09.745Z</time>
      </trkpt>
      <trkpt lat="49.421195" lon="22.613432">
        <ele>472.472421</ele>
        <time>2026-05-29T21:28:14.875Z</time>
      </trkpt>
      <trkpt lat="49.421742" lon="22.613241">
        <ele>471.647281</ele>
        <time>2026-05-29T21:28:21.439Z</time>
      </trkpt>
      <trkpt lat="49.422004" lon="22.613116">
        <ele>471.243741</ele>
        <time>2026-05-29T21:28:24.486Z</time>
      </trkpt>
      <trkpt lat="49.422017" lon="22.613106">
        <ele>471.222358</ele>
        <time>2026-05-29T21:28:24.652Z</time>
      </trkpt>
      <trkpt lat="49.422238" lon="22.612862">
        <ele>470.785326</ele>
        <time>2026-05-29T21:28:27.564Z</time>
      </trkpt>
      <trkpt lat="49.422390" lon="22.612537">
        <ele>470.258184</ele>
        <time>2026-05-29T21:28:30.270Z</time>
      </trkpt>
      <trkpt lat="49.422877" lon="22.610715">
        <ele>467.664106</ele>
        <time>2026-05-29T21:28:44.164Z</time>
      </trkpt>
      <trkpt lat="49.423040" lon="22.610165">
        <ele>467.053360</ele>
        <time>2026-05-29T21:28:48.785Z</time>
      </trkpt>
      <trkpt lat="49.423146" lon="22.609890">
        <ele>466.822406</ele>
        <time>2026-05-29T21:28:51.237Z</time>
      </trkpt>
      <trkpt lat="49.423280" lon="22.609608">
        <ele>466.570085</ele>
        <time>2026-05-29T21:28:53.961Z</time>
      </trkpt>
      <trkpt lat="49.423565" lon="22.609079">
        <ele>466.073808</ele>
        <time>2026-05-29T21:28:59.494Z</time>
      </trkpt>
      <trkpt lat="49.423577" lon="22.609057">
        <ele>466.053064</ele>
        <time>2026-05-29T21:28:59.718Z</time>
      </trkpt>
      <trkpt lat="49.423749" lon="22.608746">
        <ele>465.758127</ele>
        <time>2026-05-29T21:29:02.999Z</time>
      </trkpt>
      <trkpt lat="49.423777" lon="22.608791">
        <ele>465.713135</ele>
        <time>2026-05-29T21:29:07.275Z</time>
      </trkpt>
      <trkpt lat="49.423923" lon="22.608568">
        <ele>465.484536</ele>
        <time>2026-05-29T21:29:21.566Z</time>
      </trkpt>
      <trkpt lat="49.424081" lon="22.608327">
        <ele>465.240946</ele>
        <time>2026-05-29T21:29:37.088Z</time>
      </trkpt>
      <trkpt lat="49.424380" lon="22.607978">
        <ele>464.858909</ele>
        <time>2026-05-29T21:30:03.131Z</time>
      </trkpt>
      <trkpt lat="49.424455" lon="22.607926">
        <ele>464.775183</ele>
        <time>2026-05-29T21:30:08.876Z</time>
      </trkpt>
      <trkpt lat="49.425469" lon="22.607221">
        <ele>463.642672</ele>
        <time>2026-05-29T21:31:26.258Z</time>
      </trkpt>
      <trkpt lat="49.425449" lon="22.607166">
        <ele>463.600963</ele>
        <time>2026-05-29T21:31:30.650Z</time>
      </trkpt>
      <trkpt lat="49.425517" lon="22.607122">
        <ele>463.525884</ele>
        <time>2026-05-29T21:31:31.501Z</time>
      </trkpt>
      <trkpt lat="49.425727" lon="22.606984">
        <ele>463.146962</ele>
        <time>2026-05-29T21:31:34.114Z</time>
      </trkpt>
      <trkpt lat="49.426076" lon="22.606752">
        <ele>462.398371</ele>
        <time>2026-05-29T21:31:38.294Z</time>
      </trkpt>
      <trkpt lat="49.427080" lon="22.606097">
        <ele>460.251097</ele>
        <time>2026-05-29T21:31:50.022Z</time>
      </trkpt>
      <trkpt lat="49.427627" lon="22.605710">
        <ele>459.169247</ele>
        <time>2026-05-29T21:31:56.687Z</time>
      </trkpt>
      <trkpt lat="49.429051" lon="22.604285">
        <ele>456.198763</ele>
        <time>2026-05-29T21:32:16.001Z</time>
      </trkpt>
      <trkpt lat="49.429480" lon="22.603746">
        <ele>455.180693</ele>
        <time>2026-05-29T21:32:22.232Z</time>
      </trkpt>
      <trkpt lat="49.429816" lon="22.603305">
        <ele>454.368885</ele>
        <time>2026-05-29T21:32:27.173Z</time>
      </trkpt>
      <trkpt lat="49.429849" lon="22.603262">
        <ele>454.289397</ele>
        <time>2026-05-29T21:32:27.645Z</time>
      </trkpt>
      <trkpt lat="49.430178" lon="22.602848">
        <ele>453.508158</ele>
        <time>2026-05-29T21:32:32.255Z</time>
      </trkpt>
      <trkpt lat="49.430376" lon="22.602631">
        <ele>453.195710</ele>
        <time>2026-05-29T21:32:34.900Z</time>
      </trkpt>
      <trkpt lat="49.430616" lon="22.602414">
        <ele>452.841606</ele>
        <time>2026-05-29T21:32:37.951Z</time>
      </trkpt>
      <trkpt lat="49.430838" lon="22.602236">
        <ele>452.523176</ele>
        <time>2026-05-29T21:32:40.730Z</time>
      </trkpt>
      <trkpt lat="49.430930" lon="22.602166">
        <ele>452.392625</ele>
        <time>2026-05-29T21:32:41.924Z</time>
      </trkpt>
      <trkpt lat="49.431151" lon="22.602002">
        <ele>452.080527</ele>
        <time>2026-05-29T21:32:44.788Z</time>
      </trkpt>
      <trkpt lat="49.431483" lon="22.601754">
        <ele>451.611088</ele>
        <time>2026-05-29T21:32:49.200Z</time>
      </trkpt>
      <trkpt lat="49.431654" lon="22.601630">
        <ele>451.370632</ele>
        <time>2026-05-29T21:32:51.632Z</time>
      </trkpt>
      <trkpt lat="49.431604" lon="22.601410">
        <ele>451.239336</ele>
        <time>2026-05-29T21:32:53.796Z</time>
      </trkpt>
      <trkpt lat="49.431584" lon="22.601321">
        <ele>451.309597</ele>
        <time>2026-05-29T21:32:54.767Z</time>
      </trkpt>
      <trkpt lat="49.431484" lon="22.600867">
        <ele>451.667256</ele>
        <time>2026-05-29T21:32:59.983Z</time>
      </trkpt>
      <trkpt lat="49.431456" lon="22.600737">
        <ele>451.769439</ele>
        <time>2026-05-29T21:33:01.569Z</time>
      </trkpt>
      <trkpt lat="49.431447" lon="22.600701">
        <ele>451.798217</ele>
        <time>2026-05-29T21:33:02.030Z</time>
      </trkpt>
      <trkpt lat="49.431326" lon="22.600181">
        <ele>452.210310</ele>
        <time>2026-05-29T21:33:08.773Z</time>
      </trkpt>
      <trkpt lat="49.431187" lon="22.599578">
        <ele>452.687676</ele>
        <time>2026-05-29T21:33:17.582Z</time>
      </trkpt>
      <trkpt lat="49.431101" lon="22.599204">
        <ele>452.983673</ele>
        <time>2026-05-29T21:33:23.390Z</time>
      </trkpt>
      <trkpt lat="49.431026" lon="22.598862">
        <ele>453.252980</ele>
        <time>2026-05-29T21:33:28.856Z</time>
      </trkpt>
      <trkpt lat="49.430878" lon="22.598190">
        <ele>454.273533</ele>
        <time>2026-05-29T21:33:39.757Z</time>
      </trkpt>
      <trkpt lat="49.430764" lon="22.597691">
        <ele>455.049299</ele>
        <time>2026-05-29T21:33:47.698Z</time>
      </trkpt>
      <trkpt lat="49.430720" lon="22.597506">
        <ele>455.338228</ele>
        <time>2026-05-29T21:33:50.652Z</time>
      </trkpt>
      <trkpt lat="49.430633" lon="22.597121">
        <ele>455.936055</ele>
        <time>2026-05-29T21:33:57.520Z</time>
      </trkpt>
      <trkpt lat="49.430403" lon="22.596121">
        <ele>457.378969</ele>
        <time>2026-05-29T21:34:14.908Z</time>
      </trkpt>
      <trkpt lat="49.430380" lon="22.596018">
        <ele>457.427093</ele>
        <time>2026-05-29T21:34:16.617Z</time>
      </trkpt>
      <trkpt lat="49.430364" lon="22.595941">
        <ele>457.462815</ele>
        <time>2026-05-29T21:34:17.813Z</time>
      </trkpt>
      <trkpt lat="49.430336" lon="22.595800">
        <ele>457.527964</ele>
        <time>2026-05-29T21:34:20.069Z</time>
      </trkpt>
      <trkpt lat="49.430294" lon="22.595560">
        <ele>457.637795</ele>
        <time>2026-05-29T21:34:23.588Z</time>
      </trkpt>
      <trkpt lat="49.430267" lon="22.594150">
        <ele>458.261159</ele>
        <time>2026-05-29T21:34:40.781Z</time>
      </trkpt>
      <trkpt lat="49.430263" lon="22.593884">
        <ele>458.378739</ele>
        <time>2026-05-29T21:34:43.000Z</time>
      </trkpt>
      <trkpt lat="49.430254" lon="22.592993">
        <ele>458.445574</ele>
        <time>2026-05-29T21:34:49.505Z</time>
      </trkpt>
      <trkpt lat="49.430250" lon="22.592823">
        <ele>458.409082</ele>
        <time>2026-05-29T21:34:50.747Z</time>
      </trkpt>
      <trkpt lat="49.430249" lon="22.592749">
        <ele>458.393204</ele>
        <time>2026-05-29T21:34:51.297Z</time>
      </trkpt>
      <trkpt lat="49.430212" lon="22.591939">
        <ele>458.219018</ele>
        <time>2026-05-29T21:34:57.619Z</time>
      </trkpt>
      <trkpt lat="49.430185" lon="22.591438">
        <ele>458.111176</ele>
        <time>2026-05-29T21:35:02.029Z</time>
      </trkpt>
      <trkpt lat="49.430169" lon="22.591111">
        <ele>458.040831</ele>
        <time>2026-05-29T21:35:05.244Z</time>
      </trkpt>
      <trkpt lat="49.430109" lon="22.589909">
        <ele>459.193158</ele>
        <time>2026-05-29T21:35:23.051Z</time>
      </trkpt>
      <trkpt lat="49.430097" lon="22.589713">
        <ele>459.487683</ele>
        <time>2026-05-29T21:35:26.391Z</time>
      </trkpt>
      <trkpt lat="49.430041" lon="22.588697">
        <ele>461.013133</ele>
        <time>2026-05-29T21:35:43.759Z</time>
      </trkpt>
      <trkpt lat="49.430029" lon="22.588460">
        <ele>461.368774</ele>
        <time>2026-05-29T21:35:47.820Z</time>
      </trkpt>
      <trkpt lat="49.429958" lon="22.587145">
        <ele>462.707007</ele>
        <time>2026-05-29T21:36:08.750Z</time>
      </trkpt>
      <trkpt lat="49.429943" lon="22.586865">
        <ele>462.912874</ele>
        <time>2026-05-29T21:36:12.290Z</time>
      </trkpt>
      <trkpt lat="49.429857" lon="22.586331">
        <ele>463.315984</ele>
        <time>2026-05-29T21:36:18.686Z</time>
      </trkpt>
      <trkpt lat="49.429849" lon="22.586288">
        <ele>463.348756</ele>
        <time>2026-05-29T21:36:19.211Z</time>
      </trkpt>
      <trkpt lat="49.429624" lon="22.584909">
        <ele>464.098407</ele>
        <time>2026-05-29T21:36:34.798Z</time>
      </trkpt>
      <trkpt lat="49.429571" lon="22.584599">
        <ele>464.076755</ele>
        <time>2026-05-29T21:36:37.299Z</time>
      </trkpt>
      <trkpt lat="49.429512" lon="22.584264">
        <ele>464.053311</ele>
        <time>2026-05-29T21:36:39.850Z</time>
      </trkpt>
      <trkpt lat="49.429448" lon="22.583935">
        <ele>464.030115</ele>
        <time>2026-05-29T21:36:42.574Z</time>
      </trkpt>
      <trkpt lat="49.429320" lon="22.583511">
        <ele>463.998539</ele>
        <time>2026-05-29T21:36:46.633Z</time>
      </trkpt>
      <trkpt lat="49.429169" lon="22.583166">
        <ele>463.970449</ele>
        <time>2026-05-29T21:36:50.923Z</time>
      </trkpt>
      <trkpt lat="49.429092" lon="22.582985">
        <ele>463.955839</ele>
        <time>2026-05-29T21:36:53.331Z</time>
      </trkpt>
      <trkpt lat="49.429043" lon="22.582875">
        <ele>463.946833</ele>
        <time>2026-05-29T21:36:54.867Z</time>
      </trkpt>
      <trkpt lat="49.428928" lon="22.582618">
        <ele>464.105545</ele>
        <time>2026-05-29T21:36:58.499Z</time>
      </trkpt>
      <trkpt lat="49.428794" lon="22.582319">
        <ele>464.501172</ele>
        <time>2026-05-29T21:37:02.832Z</time>
      </trkpt>
      <trkpt lat="49.428362" lon="22.581392">
        <ele>465.743697</ele>
        <time>2026-05-29T21:37:19.022Z</time>
      </trkpt>
      <trkpt lat="49.428261" lon="22.581179">
        <ele>466.030903</ele>
        <time>2026-05-29T21:37:23.515Z</time>
      </trkpt>
      <trkpt lat="49.428109" lon="22.580890">
        <ele>466.435860</ele>
        <time>2026-05-29T21:37:29.608Z</time>
      </trkpt>
      <trkpt lat="49.427931" lon="22.580629">
        <ele>466.847912</ele>
        <time>2026-05-29T21:37:35.578Z</time>
      </trkpt>
      <trkpt lat="49.427896" lon="22.580572">
        <ele>466.933322</ele>
        <time>2026-05-29T21:37:36.747Z</time>
      </trkpt>
      <trkpt lat="49.427832" lon="22.580482">
        <ele>467.056762</ele>
        <time>2026-05-29T21:37:38.779Z</time>
      </trkpt>
      <trkpt lat="49.427716" lon="22.580323">
        <ele>467.273073</ele>
        <time>2026-05-29T21:37:42.248Z</time>
      </trkpt>
      <trkpt lat="49.426286" lon="22.578349">
        <ele>469.784989</ele>
        <time>2026-05-29T21:38:19.928Z</time>
      </trkpt>
      <trkpt lat="49.425963" lon="22.577911">
        <ele>470.187001</ele>
        <time>2026-05-29T21:38:28.020Z</time>
      </trkpt>
      <trkpt lat="49.425665" lon="22.577610">
        <ele>470.519822</ele>
        <time>2026-05-29T21:38:34.813Z</time>
      </trkpt>
      <trkpt lat="49.425387" lon="22.577445">
        <ele>470.797979</ele>
        <time>2026-05-29T21:38:40.175Z</time>
      </trkpt>
      <trkpt lat="49.424710" lon="22.577180">
        <ele>471.509463</ele>
        <time>2026-05-29T21:38:51.848Z</time>
      </trkpt>
      <trkpt lat="49.424327" lon="22.577029">
        <ele>471.947419</ele>
        <time>2026-05-29T21:38:58.875Z</time>
      </trkpt>
      <trkpt lat="49.424159" lon="22.576969">
        <ele>472.138459</ele>
        <time>2026-05-29T21:39:02.071Z</time>
      </trkpt>
      <trkpt lat="49.424103" lon="22.576949">
        <ele>472.202139</ele>
        <time>2026-05-29T21:39:03.151Z</time>
      </trkpt>
      <trkpt lat="49.423570" lon="22.576759">
        <ele>472.808178</ele>
        <time>2026-05-29T21:39:13.986Z</time>
      </trkpt>
      <trkpt lat="49.423473" lon="22.576725">
        <ele>472.918377</ele>
        <time>2026-05-29T21:39:16.051Z</time>
      </trkpt>
      <trkpt lat="49.423420" lon="22.576706">
        <ele>472.978657</ele>
        <time>2026-05-29T21:39:17.248Z</time>
      </trkpt>
      <trkpt lat="49.423257" lon="22.576630">
        <ele>473.215960</ele>
        <time>2026-05-29T21:39:21.047Z</time>
      </trkpt>
      <trkpt lat="49.423030" lon="22.576456">
        <ele>473.813134</ele>
        <time>2026-05-29T21:39:26.939Z</time>
      </trkpt>
      <trkpt lat="49.422843" lon="22.576229">
        <ele>474.374090</ele>
        <time>2026-05-29T21:39:32.726Z</time>
      </trkpt>
      <trkpt lat="49.422458" lon="22.575579">
        <ele>475.720358</ele>
        <time>2026-05-29T21:39:46.980Z</time>
      </trkpt>
      <trkpt lat="49.422423" lon="22.575502">
        <ele>475.864216</ele>
        <time>2026-05-29T21:39:48.490Z</time>
      </trkpt>
      <trkpt lat="49.422277" lon="22.575171">
        <ele>476.476669</ele>
        <time>2026-05-29T21:39:55.027Z</time>
      </trkpt>
      <trkpt lat="49.422173" lon="22.574800">
        <ele>477.095343</ele>
        <time>2026-05-29T21:40:01.532Z</time>
      </trkpt>
      <trkpt lat="49.422144" lon="22.574551">
        <ele>477.497771</ele>
        <time>2026-05-29T21:40:05.586Z</time>
      </trkpt>
      <trkpt lat="49.422144" lon="22.574208">
        <ele>478.086721</ele>
        <time>2026-05-29T21:40:10.983Z</time>
      </trkpt>
      <trkpt lat="49.422317" lon="22.572455">
        <ele>481.131161</ele>
        <time>2026-05-29T21:40:40.812Z</time>
      </trkpt>
      <trkpt lat="49.422313" lon="22.571963">
        <ele>481.976015</ele>
        <time>2026-05-29T21:40:48.998Z</time>
      </trkpt>
      <trkpt lat="49.422272" lon="22.571499">
        <ele>482.669139</ele>
        <time>2026-05-29T21:40:56.651Z</time>
      </trkpt>
      <trkpt lat="49.422145" lon="22.569708">
        <ele>485.253232</ele>
        <time>2026-05-29T21:41:25.084Z</time>
      </trkpt>
      <trkpt lat="49.422101" lon="22.569123">
        <ele>486.088586</ele>
        <time>2026-05-29T21:41:33.234Z</time>
      </trkpt>
      <trkpt lat="49.421950" lon="22.567098">
        <ele>487.937499</ele>
        <time>2026-05-29T21:42:00.353Z</time>
      </trkpt>
      <trkpt lat="49.421946" lon="22.567038">
        <ele>487.992210</ele>
        <time>2026-05-29T21:42:01.158Z</time>
      </trkpt>
      <trkpt lat="49.421884" lon="22.566038">
        <ele>488.827204</ele>
        <time>2026-05-29T21:42:13.974Z</time>
      </trkpt>
      <trkpt lat="49.421858" lon="22.565599">
        <ele>489.132607</ele>
        <time>2026-05-29T21:42:19.575Z</time>
      </trkpt>
      <trkpt lat="49.421818" lon="22.565093">
        <ele>489.485750</ele>
        <time>2026-05-29T21:42:26.033Z</time>
      </trkpt>
      <trkpt lat="49.421781" lon="22.564579">
        <ele>489.844031</ele>
        <time>2026-05-29T21:42:32.466Z</time>
      </trkpt>
      <trkpt lat="49.421620" lon="22.562353">
        <ele>491.427590</ele>
        <time>2026-05-29T21:42:59.033Z</time>
      </trkpt>
      <trkpt lat="49.421593" lon="22.561811">
        <ele>491.817533</ele>
        <time>2026-05-29T21:43:05.895Z</time>
      </trkpt>
      <trkpt lat="49.421608" lon="22.561294">
        <ele>492.188773</ele>
        <time>2026-05-29T21:43:12.616Z</time>
      </trkpt>
      <trkpt lat="49.421658" lon="22.560804">
        <ele>492.576483</ele>
        <time>2026-05-29T21:43:19.221Z</time>
      </trkpt>
      <trkpt lat="49.422131" lon="22.558184">
        <ele>495.496868</ele>
        <time>2026-05-29T21:43:57.310Z</time>
      </trkpt>
      <trkpt lat="49.422315" lon="22.557290">
        <ele>496.634170</ele>
        <time>2026-05-29T21:44:10.464Z</time>
      </trkpt>
      <trkpt lat="49.422457" lon="22.556751">
        <ele>497.339495</ele>
        <time>2026-05-29T21:44:18.790Z</time>
      </trkpt>
      <trkpt lat="49.422786" lon="22.555786">
        <ele>498.660940</ele>
        <time>2026-05-29T21:44:34.857Z</time>
      </trkpt>
      <trkpt lat="49.422803" lon="22.555733">
        <ele>498.732612</ele>
        <time>2026-05-29T21:44:35.763Z</time>
      </trkpt>
      <trkpt lat="49.423003" lon="22.555126">
        <ele>499.471961</ele>
        <time>2026-05-29T21:44:46.339Z</time>
      </trkpt>
      <trkpt lat="49.423049" lon="22.554986">
        <ele>499.640705</ele>
        <time>2026-05-29T21:44:48.809Z</time>
      </trkpt>
      <trkpt lat="49.423335" lon="22.554121">
        <ele>500.684635</ele>
        <time>2026-05-29T21:45:03.596Z</time>
      </trkpt>
      <trkpt lat="49.423479" lon="22.553675">
        <ele>501.220319</ele>
        <time>2026-05-29T21:45:10.291Z</time>
      </trkpt>
      <trkpt lat="49.423574" lon="22.553379">
        <ele>501.575422</ele>
        <time>2026-05-29T21:45:14.366Z</time>
      </trkpt>
      <trkpt lat="49.423756" lon="22.552819">
        <ele>501.513690</ele>
        <time>2026-05-29T21:45:21.377Z</time>
      </trkpt>
      <trkpt lat="49.423988" lon="22.552111">
        <ele>501.051295</ele>
        <time>2026-05-29T21:45:28.287Z</time>
      </trkpt>
      <trkpt lat="49.424106" lon="22.551756">
        <ele>500.818766</ele>
        <time>2026-05-29T21:45:31.332Z</time>
      </trkpt>
      <trkpt lat="49.424384" lon="22.550919">
        <ele>500.270611</ele>
        <time>2026-05-29T21:45:38.071Z</time>
      </trkpt>
      <trkpt lat="49.424398" lon="22.550877">
        <ele>500.243085</ele>
        <time>2026-05-29T21:45:38.392Z</time>
      </trkpt>
      <trkpt lat="49.425032" lon="22.548961">
        <ele>498.292837</ele>
        <time>2026-05-29T21:45:53.859Z</time>
      </trkpt>
      <trkpt lat="49.425342" lon="22.548032">
        <ele>497.531712</ele>
        <time>2026-05-29T21:46:02.702Z</time>
      </trkpt>
      <trkpt lat="49.425415" lon="22.547811">
        <ele>497.484082</ele>
        <time>2026-05-29T21:46:05.116Z</time>
      </trkpt>
      <trkpt lat="49.425624" lon="22.547177">
        <ele>497.347497</ele>
        <time>2026-05-29T21:46:12.751Z</time>
      </trkpt>
      <trkpt lat="49.425823" lon="22.546580">
        <ele>497.218589</ele>
        <time>2026-05-29T21:46:19.281Z</time>
      </trkpt>
      <trkpt lat="49.425939" lon="22.546215">
        <ele>497.140525</ele>
        <time>2026-05-29T21:46:22.964Z</time>
      </trkpt>
      <trkpt lat="49.425979" lon="22.546104">
        <ele>497.116140</ele>
        <time>2026-05-29T21:46:24.139Z</time>
      </trkpt>
      <trkpt lat="49.426164" lon="22.545549">
        <ele>496.627987</ele>
        <time>2026-05-29T21:46:29.273Z</time>
      </trkpt>
      <trkpt lat="49.426271" lon="22.545240">
        <ele>496.139192</ele>
        <time>2026-05-29T21:46:32.021Z</time>
      </trkpt>
      <trkpt lat="49.426614" lon="22.544202">
        <ele>494.513510</ele>
        <time>2026-05-29T21:46:40.276Z</time>
      </trkpt>
      <trkpt lat="49.426769" lon="22.543767">
        <ele>493.820948</ele>
        <time>2026-05-29T21:46:43.581Z</time>
      </trkpt>
      <trkpt lat="49.426802" lon="22.543673">
        <ele>493.671798</ele>
        <time>2026-05-29T21:46:44.276Z</time>
      </trkpt>
      <trkpt lat="49.426976" lon="22.543238">
        <ele>492.836466</ele>
        <time>2026-05-29T21:46:47.598Z</time>
      </trkpt>
      <trkpt lat="49.427107" lon="22.542925">
        <ele>492.046445</ele>
        <time>2026-05-29T21:46:50.001Z</time>
      </trkpt>
      <trkpt lat="49.427280" lon="22.542548">
        <ele>491.067130</ele>
        <time>2026-05-29T21:46:52.986Z</time>
      </trkpt>
      <trkpt lat="49.427741" lon="22.541517">
        <ele>488.411552</ele>
        <time>2026-05-29T21:47:01.236Z</time>
      </trkpt>
      <trkpt lat="49.428071" lon="22.540714">
        <ele>486.629948</ele>
        <time>2026-05-29T21:47:07.514Z</time>
      </trkpt>
      <trkpt lat="49.428222" lon="22.540023">
        <ele>485.473400</ele>
        <time>2026-05-29T21:47:12.437Z</time>
      </trkpt>
      <trkpt lat="49.428251" lon="22.539884">
        <ele>485.241798</ele>
        <time>2026-05-29T21:47:13.447Z</time>
      </trkpt>
      <trkpt lat="49.428311" lon="22.539598">
        <ele>484.765017</ele>
        <time>2026-05-29T21:47:15.555Z</time>
      </trkpt>
      <trkpt lat="49.428399" lon="22.539137">
        <ele>484.002758</ele>
        <time>2026-05-29T21:47:18.924Z</time>
      </trkpt>
      <trkpt lat="49.428505" lon="22.538564">
        <ele>483.057598</ele>
        <time>2026-05-29T21:47:23.123Z</time>
      </trkpt>
      <trkpt lat="49.428639" lon="22.537817">
        <ele>482.524565</ele>
        <time>2026-05-29T21:47:28.785Z</time>
      </trkpt>
      <trkpt lat="49.428645" lon="22.537786">
        <ele>482.505490</ele>
        <time>2026-05-29T21:47:29.043Z</time>
      </trkpt>
      <trkpt lat="49.428738" lon="22.537267">
        <ele>482.187997</ele>
        <time>2026-05-29T21:47:33.506Z</time>
      </trkpt>
      <trkpt lat="49.428768" lon="22.537099">
        <ele>482.085250</ele>
        <time>2026-05-29T21:47:35.029Z</time>
      </trkpt>
      <trkpt lat="49.428884" lon="22.536458">
        <ele>481.692850</ele>
        <time>2026-05-29T21:47:41.119Z</time>
      </trkpt>
      <trkpt lat="49.429111" lon="22.535201">
        <ele>480.792154</ele>
        <time>2026-05-29T21:47:52.245Z</time>
      </trkpt>
      <trkpt lat="49.429136" lon="22.535063">
        <ele>480.678636</ele>
        <time>2026-05-29T21:47:53.457Z</time>
      </trkpt>
      <trkpt lat="49.429529" lon="22.532847">
        <ele>478.442487</ele>
        <time>2026-05-29T21:48:10.927Z</time>
      </trkpt>
      <trkpt lat="49.429667" lon="22.532032">
        <ele>476.689133</ele>
        <time>2026-05-29T21:48:16.592Z</time>
      </trkpt>
      <trkpt lat="49.429734" lon="22.531570">
        <ele>475.703651</ele>
        <time>2026-05-29T21:48:19.663Z</time>
      </trkpt>
      <trkpt lat="49.429802" lon="22.530911">
        <ele>474.314488</ele>
        <time>2026-05-29T21:48:23.904Z</time>
      </trkpt>
      <trkpt lat="49.429844" lon="22.530564">
        <ele>473.579649</ele>
        <time>2026-05-29T21:48:26.117Z</time>
      </trkpt>
      <trkpt lat="49.429996" lon="22.529313">
        <ele>470.565669</ele>
        <time>2026-05-29T21:48:34.115Z</time>
      </trkpt>
      <trkpt lat="49.430001" lon="22.529267">
        <ele>470.453988</ele>
        <time>2026-05-29T21:48:34.413Z</time>
      </trkpt>
      <trkpt lat="49.430080" lon="22.528586">
        <ele>468.797518</ele>
        <time>2026-05-29T21:48:38.882Z</time>
      </trkpt>
      <trkpt lat="49.430090" lon="22.528504">
        <ele>468.597738</ele>
        <time>2026-05-29T21:48:39.430Z</time>
      </trkpt>
      <trkpt lat="49.430178" lon="22.527741">
        <ele>466.742144</ele>
        <time>2026-05-29T21:48:44.579Z</time>
      </trkpt>
      <trkpt lat="49.430253" lon="22.527066">
        <ele>465.578998</ele>
        <time>2026-05-29T21:48:49.173Z</time>
      </trkpt>
      <trkpt lat="49.430388" lon="22.525863">
        <ele>463.509637</ele>
        <time>2026-05-29T21:48:57.352Z</time>
      </trkpt>
      <trkpt lat="49.430465" lon="22.525168">
        <ele>462.314561</ele>
        <time>2026-05-29T21:49:02.281Z</time>
      </trkpt>
      <trkpt lat="49.430472" lon="22.525102">
        <ele>462.201206</ele>
        <time>2026-05-29T21:49:02.769Z</time>
      </trkpt>
      <trkpt lat="49.430496" lon="22.524878">
        <ele>461.977219</ele>
        <time>2026-05-29T21:49:04.405Z</time>
      </trkpt>
      <trkpt lat="49.430591" lon="22.524001">
        <ele>461.525251</ele>
        <time>2026-05-29T21:49:11.118Z</time>
      </trkpt>
      <trkpt lat="49.430600" lon="22.523920">
        <ele>461.483478</ele>
        <time>2026-05-29T21:49:11.811Z</time>
      </trkpt>
      <trkpt lat="49.430611" lon="22.523799">
        <ele>461.421370</ele>
        <time>2026-05-29T21:49:12.823Z</time>
      </trkpt>
      <trkpt lat="49.430645" lon="22.523476">
        <ele>461.255035</ele>
        <time>2026-05-29T21:49:15.859Z</time>
      </trkpt>
      <trkpt lat="49.430689" lon="22.522961">
        <ele>460.990985</ele>
        <time>2026-05-29T21:49:21.083Z</time>
      </trkpt>
      <trkpt lat="49.430855" lon="22.520845">
        <ele>460.121330</ele>
        <time>2026-05-29T21:49:40.196Z</time>
      </trkpt>
      <trkpt lat="49.430922" lon="22.520112">
        <ele>459.854850</ele>
        <time>2026-05-29T21:49:46.309Z</time>
      </trkpt>
      <trkpt lat="49.430930" lon="22.520019">
        <ele>459.821078</ele>
        <time>2026-05-29T21:49:47.071Z</time>
      </trkpt>
      <trkpt lat="49.430960" lon="22.519688">
        <ele>459.700764</ele>
        <time>2026-05-29T21:49:49.794Z</time>
      </trkpt>
      <trkpt lat="49.430971" lon="22.519564">
        <ele>459.655710</ele>
        <time>2026-05-29T21:49:50.815Z</time>
      </trkpt>
      <trkpt lat="49.431045" lon="22.518757">
        <ele>458.830865</ele>
        <time>2026-05-29T21:49:57.315Z</time>
      </trkpt>
      <trkpt lat="49.431105" lon="22.518103">
        <ele>458.145435</ele>
        <time>2026-05-29T21:50:02.291Z</time>
      </trkpt>
      <trkpt lat="49.431125" lon="22.517884">
        <ele>457.915931</ele>
        <time>2026-05-29T21:50:03.926Z</time>
      </trkpt>
      <trkpt lat="49.431172" lon="22.517544">
        <ele>457.555202</ele>
        <time>2026-05-29T21:50:06.481Z</time>
      </trkpt>
      <trkpt lat="49.431222" lon="22.517265">
        <ele>457.254870</ele>
        <time>2026-05-29T21:50:08.562Z</time>
      </trkpt>
      <trkpt lat="49.431346" lon="22.516810">
        <ele>456.721997</ele>
        <time>2026-05-29T21:50:12.025Z</time>
      </trkpt>
      <trkpt lat="49.431560" lon="22.516295">
        <ele>455.668208</ele>
        <time>2026-05-29T21:50:16.159Z</time>
      </trkpt>
      <trkpt lat="49.431841" lon="22.515682">
        <ele>454.375052</ele>
        <time>2026-05-29T21:50:21.222Z</time>
      </trkpt>
      <trkpt lat="49.432081" lon="22.515153">
        <ele>453.262899</ele>
        <time>2026-05-29T21:50:25.614Z</time>
      </trkpt>
      <trkpt lat="49.432226" lon="22.514838">
        <ele>452.597471</ele>
        <time>2026-05-29T21:50:28.268Z</time>
      </trkpt>
      <trkpt lat="49.433540" lon="22.511955">
        <ele>446.629411</ele>
        <time>2026-05-29T21:50:51.880Z</time>
      </trkpt>
      <trkpt lat="49.433687" lon="22.511623">
        <ele>446.251674</ele>
        <time>2026-05-29T21:50:54.763Z</time>
      </trkpt>
      <trkpt lat="49.434953" lon="22.508370">
        <ele>443.036139</ele>
        <time>2026-05-29T21:51:25.178Z</time>
      </trkpt>
      <trkpt lat="49.435146" lon="22.507876">
        <ele>442.603799</ele>
        <time>2026-05-29T21:51:29.433Z</time>
      </trkpt>
      <trkpt lat="49.435320" lon="22.507326">
        <ele>442.491262</ele>
        <time>2026-05-29T21:51:33.862Z</time>
      </trkpt>
      <trkpt lat="49.435231" lon="22.507051">
        <ele>442.668914</ele>
        <time>2026-05-29T21:51:36.261Z</time>
      </trkpt>
      <trkpt lat="49.435111" lon="22.506868">
        <ele>442.819217</ele>
        <time>2026-05-29T21:51:38.330Z</time>
      </trkpt>
      <trkpt lat="49.434982" lon="22.506817">
        <ele>442.937673</ele>
        <time>2026-05-29T21:51:40.053Z</time>
      </trkpt>
      <trkpt lat="49.434925" lon="22.506785">
        <ele>442.991639</ele>
        <time>2026-05-29T21:51:40.843Z</time>
      </trkpt>
      <trkpt lat="49.434686" lon="22.506642">
        <ele>443.219715</ele>
        <time>2026-05-29T21:51:50.281Z</time>
      </trkpt>
      <trkpt lat="49.434098" lon="22.506314">
        <ele>443.775994</ele>
        <time>2026-05-29T21:52:04.491Z</time>
      </trkpt>
      <trkpt lat="49.433895" lon="22.506203">
        <ele>444.141432</ele>
        <time>2026-05-29T21:52:10.757Z</time>
      </trkpt>
      <trkpt lat="49.433755" lon="22.506124">
        <ele>445.112754</ele>
        <time>2026-05-29T21:52:15.626Z</time>
      </trkpt>
      <trkpt lat="49.433115" lon="22.505762">
        <ele>449.554338</ele>
        <time>2026-05-29T21:52:42.128Z</time>
      </trkpt>
      <trkpt lat="49.432928" lon="22.505631">
        <ele>450.892769</ele>
        <time>2026-05-29T21:52:51.473Z</time>
      </trkpt>
      <trkpt lat="49.432672" lon="22.505379">
        <ele>452.872581</ele>
        <time>2026-05-29T21:53:05.670Z</time>
      </trkpt>
      <trkpt lat="49.432611" lon="22.505284">
        <ele>453.438079</ele>
        <time>2026-05-29T21:53:09.793Z</time>
      </trkpt>
      <trkpt lat="49.432444" lon="22.504829">
        <ele>455.651157</ele>
        <time>2026-05-29T21:53:25.992Z</time>
      </trkpt>
      <trkpt lat="49.432240" lon="22.504330">
        <ele>458.674667</ele>
        <time>2026-05-29T21:53:44.551Z</time>
      </trkpt>
      <trkpt lat="49.432070" lon="22.504181">
        <ele>460.218572</ele>
        <time>2026-05-29T21:53:53.905Z</time>
      </trkpt>
      <trkpt lat="49.431914" lon="22.504187">
        <ele>461.449800</ele>
        <time>2026-05-29T21:54:01.151Z</time>
      </trkpt>
      <trkpt lat="49.431741" lon="22.504319">
        <ele>462.973588</ele>
        <time>2026-05-29T21:54:09.942Z</time>
      </trkpt>
      <trkpt lat="49.431452" lon="22.504666">
        <ele>465.866649</ele>
        <time>2026-05-29T21:54:26.488Z</time>
      </trkpt>
      <trkpt lat="49.431377" lon="22.504712">
        <ele>466.503740</ele>
        <time>2026-05-29T21:54:30.110Z</time>
      </trkpt>
      <trkpt lat="49.431194" lon="22.504721">
        <ele>467.948352</ele>
        <time>2026-05-29T21:54:38.293Z</time>
      </trkpt>
      <trkpt lat="49.431105" lon="22.504659">
        <ele>468.719272</ele>
        <time>2026-05-29T21:54:42.724Z</time>
      </trkpt>
      <trkpt lat="49.430943" lon="22.504432">
        <ele>470.583271</ele>
        <time>2026-05-29T21:54:52.402Z</time>
      </trkpt>
      <trkpt lat="49.430787" lon="22.504106">
        <ele>473.124712</ele>
        <time>2026-05-29T21:55:04.685Z</time>
      </trkpt>
      <trkpt lat="49.430735" lon="22.503936">
        <ele>474.304358</ele>
        <time>2026-05-29T21:55:10.718Z</time>
      </trkpt>
      <trkpt lat="49.430711" lon="22.503740">
        <ele>475.556719</ele>
        <time>2026-05-29T21:55:17.332Z</time>
      </trkpt>
      <trkpt lat="49.430695" lon="22.502824">
        <ele>481.310607</ele>
        <time>2026-05-29T21:55:50.746Z</time>
      </trkpt>
      <trkpt lat="49.430632" lon="22.502588">
        <ele>482.912493</ele>
        <time>2026-05-29T21:56:00.872Z</time>
      </trkpt>
      <trkpt lat="49.430572" lon="22.502468">
        <ele>483.862951</ele>
        <time>2026-05-29T21:56:06.948Z</time>
      </trkpt>
      <trkpt lat="49.430242" lon="22.502080">
        <ele>487.649553</ele>
        <time>2026-05-29T21:56:32.132Z</time>
      </trkpt>
      <trkpt lat="49.429795" lon="22.501621">
        <ele>491.079431</ele>
        <time>2026-05-29T21:57:00.449Z</time>
      </trkpt>
      <trkpt lat="49.429690" lon="22.501523">
        <ele>491.863211</ele>
        <time>2026-05-29T21:57:06.044Z</time>
      </trkpt>
      <trkpt lat="49.429455" lon="22.501414">
        <ele>493.429482</ele>
        <time>2026-05-29T21:57:16.144Z</time>
      </trkpt>
      <trkpt lat="49.429308" lon="22.501399">
        <ele>494.369547</ele>
        <time>2026-05-29T21:57:21.508Z</time>
      </trkpt>
      <trkpt lat="49.429130" lon="22.501428">
        <ele>495.511717</ele>
        <time>2026-05-29T21:57:27.503Z</time>
      </trkpt>
      <trkpt lat="49.428495" lon="22.501744">
        <ele>499.041627</ele>
        <time>2026-05-29T21:57:44.674Z</time>
      </trkpt>
      <trkpt lat="49.428326" lon="22.501779">
        <ele>499.396077</ele>
        <time>2026-05-29T21:57:48.061Z</time>
      </trkpt>
      <trkpt lat="49.428126" lon="22.501744">
        <ele>499.814474</ele>
        <time>2026-05-29T21:57:51.900Z</time>
      </trkpt>
      <trkpt lat="49.427912" lon="22.501629">
        <ele>500.285674</ele>
        <time>2026-05-29T21:57:56.256Z</time>
      </trkpt>
      <trkpt lat="49.427700" lon="22.501407">
        <ele>500.818827</ele>
        <time>2026-05-29T21:58:01.557Z</time>
      </trkpt>
      <trkpt lat="49.427326" lon="22.500903">
        <ele>501.852551</ele>
        <time>2026-05-29T21:58:13.468Z</time>
      </trkpt>
      <trkpt lat="49.427020" lon="22.500646">
        <ele>502.666055</ele>
        <time>2026-05-29T21:58:22.320Z</time>
      </trkpt>
      <trkpt lat="49.426778" lon="22.500601">
        <ele>503.474036</ele>
        <time>2026-05-29T21:58:28.448Z</time>
      </trkpt>
      <trkpt lat="49.426431" lon="22.500648">
        <ele>504.628661</ele>
        <time>2026-05-29T21:58:37.295Z</time>
      </trkpt>
      <trkpt lat="49.426117" lon="22.500781">
        <ele>505.708224</ele>
        <time>2026-05-29T21:58:45.781Z</time>
      </trkpt>
      <trkpt lat="49.425988" lon="22.500911">
        <ele>506.219477</ele>
        <time>2026-05-29T21:58:49.916Z</time>
      </trkpt>
      <trkpt lat="49.425873" lon="22.501058">
        <ele>506.715196</ele>
        <time>2026-05-29T21:58:54.040Z</time>
      </trkpt>
      <trkpt lat="49.425662" lon="22.501556">
        <ele>507.996550</ele>
        <time>2026-05-29T21:59:05.614Z</time>
      </trkpt>
      <trkpt lat="49.425516" lon="22.501982">
        <ele>509.369333</ele>
        <time>2026-05-29T21:59:16.101Z</time>
      </trkpt>
      <trkpt lat="49.425444" lon="22.502274">
        <ele>510.392002</ele>
        <time>2026-05-29T21:59:24.047Z</time>
      </trkpt>
      <trkpt lat="49.425402" lon="22.502576">
        <ele>511.403368</ele>
        <time>2026-05-29T21:59:32.424Z</time>
      </trkpt>
      <trkpt lat="49.425345" lon="22.503442">
        <ele>514.253895</ele>
        <time>2026-05-29T21:59:55.143Z</time>
      </trkpt>
      <trkpt lat="49.425252" lon="22.503758">
        <ele>515.389761</ele>
        <time>2026-05-29T22:00:03.771Z</time>
      </trkpt>
      <trkpt lat="49.425087" lon="22.504017">
        <ele>516.577023</ele>
        <time>2026-05-29T22:00:12.185Z</time>
      </trkpt>
      <trkpt lat="49.424027" lon="22.505153">
        <ele>519.865238</ele>
        <time>2026-05-29T22:00:42.351Z</time>
      </trkpt>
      <trkpt lat="49.423822" lon="22.505502">
        <ele>520.526239</ele>
        <time>2026-05-29T22:00:47.809Z</time>
      </trkpt>
      <trkpt lat="49.423432" lon="22.506402">
        <ele>521.794417</ele>
        <time>2026-05-29T22:01:03.308Z</time>
      </trkpt>
      <trkpt lat="49.423149" lon="22.506983">
        <ele>522.454499</ele>
        <time>2026-05-29T22:01:14.607Z</time>
      </trkpt>
      <trkpt lat="49.422852" lon="22.507409">
        <ele>523.022388</ele>
        <time>2026-05-29T22:01:23.930Z</time>
      </trkpt>
      <trkpt lat="49.422356" lon="22.508031">
        <ele>523.696283</ele>
        <time>2026-05-29T22:01:35.892Z</time>
      </trkpt>
      <trkpt lat="49.422168" lon="22.508186">
        <ele>523.051729</ele>
        <time>2026-05-29T22:01:38.734Z</time>
      </trkpt>
      <trkpt lat="49.422049" lon="22.508240">
        <ele>522.676846</ele>
        <time>2026-05-29T22:01:40.245Z</time>
      </trkpt>
      <trkpt lat="49.421472" lon="22.508354">
        <ele>520.919161</ele>
        <time>2026-05-29T22:01:46.593Z</time>
      </trkpt>
      <trkpt lat="49.421310" lon="22.508441">
        <ele>520.400687</ele>
        <time>2026-05-29T22:01:48.318Z</time>
      </trkpt>
      <trkpt lat="49.420589" lon="22.509077">
        <ele>516.747828</ele>
        <time>2026-05-29T22:01:56.114Z</time>
      </trkpt>
      <trkpt lat="49.420392" lon="22.509132">
        <ele>514.824900</ele>
        <time>2026-05-29T22:01:57.888Z</time>
      </trkpt>
      <trkpt lat="49.420289" lon="22.509121">
        <ele>513.833308</ele>
        <time>2026-05-29T22:01:58.793Z</time>
      </trkpt>
      <trkpt lat="49.420125" lon="22.509045">
        <ele>512.188249</ele>
        <time>2026-05-29T22:02:00.278Z</time>
      </trkpt>
      <trkpt lat="49.419950" lon="22.508861">
        <ele>510.152039</ele>
        <time>2026-05-29T22:02:02.099Z</time>
      </trkpt>
      <trkpt lat="49.419210" lon="22.507808">
        <ele>500.505961</ele>
        <time>2026-05-29T22:02:10.648Z</time>
      </trkpt>
      <trkpt lat="49.418368" lon="22.506928">
        <ele>491.285234</ele>
        <time>2026-05-29T22:02:19.371Z</time>
      </trkpt>
      <trkpt lat="49.418059" lon="22.506374">
        <ele>486.986037</ele>
        <time>2026-05-29T22:02:23.595Z</time>
      </trkpt>
      <trkpt lat="49.417871" lon="22.506144">
        <ele>484.826035</ele>
        <time>2026-05-29T22:02:25.766Z</time>
      </trkpt>
      <trkpt lat="49.415250" lon="22.504455">
        <ele>468.747575</ele>
        <time>2026-05-29T22:02:52.415Z</time>
      </trkpt>
      <trkpt lat="49.414810" lon="22.504053">
        <ele>465.665597</ele>
        <time>2026-05-29T22:02:57.032Z</time>
      </trkpt>
      <trkpt lat="49.414618" lon="22.503791">
        <ele>464.087617</ele>
        <time>2026-05-29T22:02:59.330Z</time>
      </trkpt>
      <trkpt lat="49.414313" lon="22.503236">
        <ele>460.386701</ele>
        <time>2026-05-29T22:03:03.518Z</time>
      </trkpt>
      <trkpt lat="49.413513" lon="22.501686">
        <ele>450.307718</ele>
        <time>2026-05-29T22:03:14.871Z</time>
      </trkpt>
      <trkpt lat="49.412628" lon="22.499977">
        <ele>440.044637</ele>
        <time>2026-05-29T22:03:27.500Z</time>
      </trkpt>
      <trkpt lat="49.412554" lon="22.499858">
        <ele>439.272149</ele>
        <time>2026-05-29T22:03:28.474Z</time>
      </trkpt>
      <trkpt lat="49.412457" lon="22.499731">
        <ele>438.353078</ele>
        <time>2026-05-29T22:03:29.637Z</time>
      </trkpt>
      <trkpt lat="49.412273" lon="22.499572">
        <ele>436.907353</ele>
        <time>2026-05-29T22:03:31.572Z</time>
      </trkpt>
      <trkpt lat="49.412027" lon="22.499456">
        <ele>435.471849</ele>
        <time>2026-05-29T22:03:33.952Z</time>
      </trkpt>
      <trkpt lat="49.410561" lon="22.499143">
        <ele>427.214883</ele>
        <time>2026-05-29T22:03:47.741Z</time>
      </trkpt>
      <trkpt lat="49.410353" lon="22.499153">
        <ele>426.310506</ele>
        <time>2026-05-29T22:03:49.669Z</time>
      </trkpt>
      <trkpt lat="49.410142" lon="22.499224">
        <ele>425.391390</ele>
        <time>2026-05-29T22:03:51.684Z</time>
      </trkpt>
      <trkpt lat="49.409987" lon="22.499139">
        <ele>424.691106</ele>
        <time>2026-05-29T22:03:53.231Z</time>
      </trkpt>
      <trkpt lat="49.409906" lon="22.498976">
        <ele>424.123253</ele>
        <time>2026-05-29T22:03:54.499Z</time>
      </trkpt>
      <trkpt lat="49.409851" lon="22.498373">
        <ele>422.437447</ele>
        <time>2026-05-29T22:03:58.307Z</time>
      </trkpt>
      <trkpt lat="49.409835" lon="22.497845">
        <ele>420.974027</ele>
        <time>2026-05-29T22:04:01.674Z</time>
      </trkpt>
      <trkpt lat="49.409887" lon="22.497387">
        <ele>419.686835</ele>
        <time>2026-05-29T22:04:04.708Z</time>
      </trkpt>
      <trkpt lat="49.410042" lon="22.496573">
        <ele>418.379390</ele>
        <time>2026-05-29T22:04:10.690Z</time>
      </trkpt>
      <trkpt lat="49.410462" lon="22.494369">
        <ele>415.197298</ele>
        <time>2026-05-29T22:04:27.193Z</time>
      </trkpt>
      <trkpt lat="49.410503" lon="22.493968">
        <ele>414.736560</ele>
        <time>2026-05-29T22:04:30.067Z</time>
      </trkpt>
      <trkpt lat="49.410521" lon="22.492925">
        <ele>413.552294</ele>
        <time>2026-05-29T22:04:37.389Z</time>
      </trkpt>
      <trkpt lat="49.410619" lon="22.492094">
        <ele>412.593707</ele>
        <time>2026-05-29T22:04:43.692Z</time>
      </trkpt>
      <trkpt lat="49.410673" lon="22.491757">
        <ele>412.369198</ele>
        <time>2026-05-29T22:04:46.590Z</time>
      </trkpt>
      <trkpt lat="49.410680" lon="22.491713">
        <ele>412.359791</ele>
        <time>2026-05-29T22:04:46.989Z</time>
      </trkpt>
      <trkpt lat="49.410761" lon="22.491238">
        <ele>412.257818</ele>
        <time>2026-05-29T22:04:51.242Z</time>
      </trkpt>
      <trkpt lat="49.410811" lon="22.491081">
        <ele>412.221518</ele>
        <time>2026-05-29T22:04:52.757Z</time>
      </trkpt>
      <trkpt lat="49.411106" lon="22.490568">
        <ele>412.079339</ele>
        <time>2026-05-29T22:04:59.029Z</time>
      </trkpt>
      <trkpt lat="49.411242" lon="22.490347">
        <ele>412.016168</ele>
        <time>2026-05-29T22:05:01.972Z</time>
      </trkpt>
      <trkpt lat="49.411416" lon="22.490022">
        <ele>411.928765</ele>
        <time>2026-05-29T22:05:06.251Z</time>
      </trkpt>
      <trkpt lat="49.411562" lon="22.489562">
        <ele>411.820101</ele>
        <time>2026-05-29T22:05:11.487Z</time>
      </trkpt>
      <trkpt lat="49.411650" lon="22.489240">
        <ele>411.731260</ele>
        <time>2026-05-29T22:05:14.698Z</time>
      </trkpt>
      <trkpt lat="49.411791" lon="22.488891">
        <ele>411.626759</ele>
        <time>2026-05-29T22:05:18.398Z</time>
      </trkpt>
      <trkpt lat="49.411971" lon="22.488566">
        <ele>411.518190</ele>
        <time>2026-05-29T22:05:22.013Z</time>
      </trkpt>
      <trkpt lat="49.412356" lon="22.487847">
        <ele>411.281319</ele>
        <time>2026-05-29T22:05:30.018Z</time>
      </trkpt>
      <trkpt lat="49.412430" lon="22.487723">
        <ele>411.238517</ele>
        <time>2026-05-29T22:05:31.566Z</time>
      </trkpt>
      <trkpt lat="49.412870" lon="22.486880">
        <ele>410.562252</ele>
        <time>2026-05-29T22:05:40.816Z</time>
      </trkpt>
      <trkpt lat="49.412930" lon="22.486694">
        <ele>410.381933</ele>
        <time>2026-05-29T22:05:42.477Z</time>
      </trkpt>
      <trkpt lat="49.412998" lon="22.486376">
        <ele>410.091196</ele>
        <time>2026-05-29T22:05:45.138Z</time>
      </trkpt>
      <trkpt lat="49.413082" lon="22.485641">
        <ele>409.443035</ele>
        <time>2026-05-29T22:05:50.715Z</time>
      </trkpt>
      <trkpt lat="49.413284" lon="22.484067">
        <ele>407.647728</ele>
        <time>2026-05-29T22:06:02.079Z</time>
      </trkpt>
      <trkpt lat="49.413292" lon="22.483722">
        <ele>407.170442</ele>
        <time>2026-05-29T22:06:04.484Z</time>
      </trkpt>
      <trkpt lat="49.413293" lon="22.483688">
        <ele>407.123387</ele>
        <time>2026-05-29T22:06:04.726Z</time>
      </trkpt>
      <trkpt lat="49.413261" lon="22.483233">
        <ele>406.490657</ele>
        <time>2026-05-29T22:06:07.845Z</time>
      </trkpt>
      <trkpt lat="49.413220" lon="22.482713">
        <ele>405.766464</ele>
        <time>2026-05-29T22:06:11.429Z</time>
      </trkpt>
      <trkpt lat="49.413152" lon="22.482065">
        <ele>404.885787</ele>
        <time>2026-05-29T22:06:16.337Z</time>
      </trkpt>
      <trkpt lat="49.413000" lon="22.481382">
        <ele>404.451821</ele>
        <time>2026-05-29T22:06:21.763Z</time>
      </trkpt>
      <trkpt lat="49.412886" lon="22.480816">
        <ele>404.095618</ele>
        <time>2026-05-29T22:06:26.353Z</time>
      </trkpt>
      <trkpt lat="49.412834" lon="22.480670">
        <ele>403.995553</ele>
        <time>2026-05-29T22:06:27.621Z</time>
      </trkpt>
      <trkpt lat="49.412750" lon="22.480538">
        <ele>403.884547</ele>
        <time>2026-05-29T22:06:29.042Z</time>
      </trkpt>
      <trkpt lat="49.412041" lon="22.479850">
        <ele>403.123111</ele>
        <time>2026-05-29T22:06:40.944Z</time>
      </trkpt>
      <trkpt lat="49.411958" lon="22.479726">
        <ele>403.026763</ele>
        <time>2026-05-29T22:06:42.620Z</time>
      </trkpt>
      <trkpt lat="49.411901" lon="22.479625">
        <ele>402.954354</ele>
        <time>2026-05-29T22:06:43.925Z</time>
      </trkpt>
      <trkpt lat="49.411777" lon="22.479261">
        <ele>402.731836</ele>
        <time>2026-05-29T22:06:48.091Z</time>
      </trkpt>
      <trkpt lat="49.411568" lon="22.478531">
        <ele>402.299905</ele>
        <time>2026-05-29T22:06:54.887Z</time>
      </trkpt>
      <trkpt lat="49.411465" lon="22.478357">
        <ele>402.172505</ele>
        <time>2026-05-29T22:06:56.731Z</time>
      </trkpt>
      <trkpt lat="49.411248" lon="22.478270">
        <ele>401.985832</ele>
        <time>2026-05-29T22:06:59.374Z</time>
      </trkpt>
      <trkpt lat="49.411059" lon="22.478290">
        <ele>401.828138</ele>
        <time>2026-05-29T22:07:05.475Z</time>
      </trkpt>
      <trkpt lat="49.410496" lon="22.478355">
        <ele>400.573107</ele>
        <time>2026-05-29T22:07:11.527Z</time>
      </trkpt>
      <trkpt lat="49.410260" lon="22.478343">
        <ele>399.979906</ele>
        <time>2026-05-29T22:07:13.906Z</time>
      </trkpt>
      <trkpt lat="49.410100" lon="22.478297">
        <ele>399.570984</ele>
        <time>2026-05-29T22:07:15.508Z</time>
      </trkpt>
      <trkpt lat="49.409200" lon="22.477753">
        <ele>397.195457</ele>
        <time>2026-05-29T22:07:25.536Z</time>
      </trkpt>
      <trkpt lat="49.408988" lon="22.477711">
        <ele>396.990942</ele>
        <time>2026-05-29T22:07:28.013Z</time>
      </trkpt>
      <trkpt lat="49.408421" lon="22.477854">
        <ele>396.441193</ele>
        <time>2026-05-29T22:07:35.115Z</time>
      </trkpt>
      <trkpt lat="49.408211" lon="22.477869">
        <ele>396.240053</ele>
        <time>2026-05-29T22:07:37.874Z</time>
      </trkpt>
      <trkpt lat="49.408044" lon="22.477835">
        <ele>396.078875</ele>
        <time>2026-05-29T22:07:40.141Z</time>
      </trkpt>
      <trkpt lat="49.407911" lon="22.477750">
        <ele>395.941060</ele>
        <time>2026-05-29T22:07:42.111Z</time>
      </trkpt>
      <trkpt lat="49.407693" lon="22.477427">
        <ele>395.651338</ele>
        <time>2026-05-29T22:07:46.280Z</time>
      </trkpt>
      <trkpt lat="49.407158" lon="22.476360">
        <ele>395.847831</ele>
        <time>2026-05-29T22:07:58.024Z</time>
      </trkpt>
      <trkpt lat="49.407075" lon="22.476073">
        <ele>395.943492</ele>
        <time>2026-05-29T22:08:00.654Z</time>
      </trkpt>
      <trkpt lat="49.407036" lon="22.475806">
        <ele>396.026841</ele>
        <time>2026-05-29T22:08:03.094Z</time>
      </trkpt>
      <trkpt lat="49.407007" lon="22.475344">
        <ele>396.168213</ele>
        <time>2026-05-29T22:08:08.270Z</time>
      </trkpt>
      <trkpt lat="49.406972" lon="22.474743">
        <ele>396.371273</ele>
        <time>2026-05-29T22:08:17.029Z</time>
      </trkpt>
      <trkpt lat="49.406936" lon="22.474510">
        <ele>397.063275</ele>
        <time>2026-05-29T22:08:21.004Z</time>
      </trkpt>
      <trkpt lat="49.406822" lon="22.474189">
        <ele>398.120009</ele>
        <time>2026-05-29T22:08:27.629Z</time>
      </trkpt>
      <trkpt lat="49.406709" lon="22.473912">
        <ele>399.064736</ele>
        <time>2026-05-29T22:08:34.108Z</time>
      </trkpt>
      <trkpt lat="49.406506" lon="22.473551">
        <ele>400.443465</ele>
        <time>2026-05-29T22:08:44.353Z</time>
      </trkpt>
      <trkpt lat="49.406370" lon="22.473359">
        <ele>401.263580</ele>
        <time>2026-05-29T22:08:51.011Z</time>
      </trkpt>
      <trkpt lat="49.406264" lon="22.473232">
        <ele>401.860464</ele>
        <time>2026-05-29T22:08:56.071Z</time>
      </trkpt>
      <trkpt lat="49.405969" lon="22.472982">
        <ele>403.356513</ele>
        <time>2026-05-29T22:09:09.321Z</time>
      </trkpt>
      <trkpt lat="49.405065" lon="22.472260">
        <ele>406.657366</ele>
        <time>2026-05-29T22:09:47.148Z</time>
      </trkpt>
      <trkpt lat="49.404888" lon="22.472039">
        <ele>407.320451</ele>
        <time>2026-05-29T22:09:54.042Z</time>
      </trkpt>
      <trkpt lat="49.404774" lon="22.471844">
        <ele>407.816416</ele>
        <time>2026-05-29T22:09:58.386Z</time>
      </trkpt>
      <trkpt lat="49.404531" lon="22.471338">
        <ele>409.006250</ele>
        <time>2026-05-29T22:10:05.873Z</time>
      </trkpt>
      <trkpt lat="49.404448" lon="22.471055">
        <ele>409.521385</ele>
        <time>2026-05-29T22:10:08.456Z</time>
      </trkpt>
      <trkpt lat="49.404483" lon="22.470894">
        <ele>408.969629</ele>
        <time>2026-05-29T22:10:09.731Z</time>
      </trkpt>
      <trkpt lat="49.404562" lon="22.470717">
        <ele>408.271966</ele>
        <time>2026-05-29T22:10:11.279Z</time>
      </trkpt>
      <trkpt lat="49.405033" lon="22.470126">
        <ele>405.234580</ele>
        <time>2026-05-29T22:10:17.115Z</time>
      </trkpt>
      <trkpt lat="49.405270" lon="22.469840">
        <ele>403.729344</ele>
        <time>2026-05-29T22:10:19.820Z</time>
      </trkpt>
      <trkpt lat="49.405351" lon="22.469744">
        <ele>403.218384</ele>
        <time>2026-05-29T22:10:20.734Z</time>
      </trkpt>
      <trkpt lat="49.405367" lon="22.469725">
        <ele>403.117380</ele>
        <time>2026-05-29T22:10:20.914Z</time>
      </trkpt>
      <trkpt lat="49.405673" lon="22.469285">
        <ele>401.024099</ele>
        <time>2026-05-29T22:10:24.657Z</time>
      </trkpt>
      <trkpt lat="49.405783" lon="22.469041">
        <ele>399.899619</ele>
        <time>2026-05-29T22:10:26.386Z</time>
      </trkpt>
      <trkpt lat="49.406469" lon="22.466969">
        <ele>390.037290</ele>
        <time>2026-05-29T22:10:39.973Z</time>
      </trkpt>
      <trkpt lat="49.406542" lon="22.466808">
        <ele>389.204829</ele>
        <time>2026-05-29T22:10:41.173Z</time>
      </trkpt>
      <trkpt lat="49.406807" lon="22.466489">
        <ele>388.346516</ele>
        <time>2026-05-29T22:10:44.403Z</time>
      </trkpt>
      <trkpt lat="49.406963" lon="22.466345">
        <ele>388.019039</ele>
        <time>2026-05-29T22:10:46.221Z</time>
      </trkpt>
      <trkpt lat="49.407496" lon="22.465809">
        <ele>386.872782</ele>
        <time>2026-05-29T22:10:53.048Z</time>
      </trkpt>
      <trkpt lat="49.407644" lon="22.465567">
        <ele>386.483899</ele>
        <time>2026-05-29T22:10:55.832Z</time>
      </trkpt>
      <trkpt lat="49.407700" lon="22.465296">
        <ele>386.150961</ele>
        <time>2026-05-29T22:10:58.790Z</time>
      </trkpt>
      <trkpt lat="49.407644" lon="22.464522">
        <ele>386.538370</ele>
        <time>2026-05-29T22:11:08.833Z</time>
      </trkpt>
      <trkpt lat="49.407513" lon="22.463301">
        <ele>390.041947</ele>
        <time>2026-05-29T22:11:30.839Z</time>
      </trkpt>
      <trkpt lat="49.407449" lon="22.463031">
        <ele>390.855517</ele>
        <time>2026-05-29T22:11:37.305Z</time>
      </trkpt>
      <trkpt lat="49.407344" lon="22.462754">
        <ele>391.763139</ele>
        <time>2026-05-29T22:11:45.213Z</time>
      </trkpt>
      <trkpt lat="49.407127" lon="22.462322">
        <ele>393.308283</ele>
        <time>2026-05-29T22:12:00.689Z</time>
      </trkpt>
      <trkpt lat="49.406985" lon="22.462122">
        <ele>394.727317</ele>
        <time>2026-05-29T22:12:10.176Z</time>
      </trkpt>
      <trkpt lat="49.406555" lon="22.461816">
        <ele>398.498097</ele>
        <time>2026-05-29T22:12:34.881Z</time>
      </trkpt>
      <trkpt lat="49.406422" lon="22.461677">
        <ele>399.777989</ele>
        <time>2026-05-29T22:12:43.257Z</time>
      </trkpt>
      <trkpt lat="49.406354" lon="22.461514">
        <ele>400.780555</ele>
        <time>2026-05-29T22:12:49.723Z</time>
      </trkpt>
      <trkpt lat="49.406338" lon="22.461404">
        <ele>401.364182</ele>
        <time>2026-05-29T22:12:53.500Z</time>
      </trkpt>
      <trkpt lat="49.406345" lon="22.461273">
        <ele>402.044771</ele>
        <time>2026-05-29T22:12:57.735Z</time>
      </trkpt>
      <trkpt lat="49.406404" lon="22.461043">
        <ele>403.324892</ele>
        <time>2026-05-29T22:13:05.656Z</time>
      </trkpt>
      <trkpt lat="49.406561" lon="22.460572">
        <ele>406.065061</ele>
        <time>2026-05-29T22:13:21.607Z</time>
      </trkpt>
      <trkpt lat="49.406584" lon="22.460505">
        <ele>406.457299</ele>
        <time>2026-05-29T22:13:23.680Z</time>
      </trkpt>
      <trkpt lat="49.406707" lon="22.460107">
        <ele>408.235043</ele>
        <time>2026-05-29T22:13:35.522Z</time>
      </trkpt>
      <trkpt lat="49.406797" lon="22.459702">
        <ele>409.312624</ele>
        <time>2026-05-29T22:13:45.814Z</time>
      </trkpt>
      <trkpt lat="49.406853" lon="22.459230">
        <ele>410.520667</ele>
        <time>2026-05-29T22:13:55.765Z</time>
      </trkpt>
      <trkpt lat="49.406890" lon="22.458836">
        <ele>411.522996</ele>
        <time>2026-05-29T22:14:03.362Z</time>
      </trkpt>
      <trkpt lat="49.406898" lon="22.458749">
        <ele>411.744230</ele>
        <time>2026-05-29T22:14:05.053Z</time>
      </trkpt>
      <trkpt lat="49.407052" lon="22.457207">
        <ele>414.786496</ele>
        <time>2026-05-29T22:14:29.617Z</time>
      </trkpt>
      <trkpt lat="49.407110" lon="22.456688">
        <ele>414.881240</ele>
        <time>2026-05-29T22:14:36.663Z</time>
      </trkpt>
      <trkpt lat="49.407128" lon="22.456511">
        <ele>414.913472</ele>
        <time>2026-05-29T22:14:38.776Z</time>
      </trkpt>
      <trkpt lat="49.407136" lon="22.456421">
        <ele>414.929815</ele>
        <time>2026-05-29T22:14:39.703Z</time>
      </trkpt>
      <trkpt lat="49.407153" lon="22.456223">
        <ele>414.965747</ele>
        <time>2026-05-29T22:14:41.795Z</time>
      </trkpt>
      <trkpt lat="49.407188" lon="22.455590">
        <ele>415.080045</ele>
        <time>2026-05-29T22:14:47.467Z</time>
      </trkpt>
      <trkpt lat="49.407206" lon="22.455075">
        <ele>415.172835</ele>
        <time>2026-05-29T22:14:51.574Z</time>
      </trkpt>
      <trkpt lat="49.407245" lon="22.454292">
        <ele>414.182680</ele>
        <time>2026-05-29T22:14:57.502Z</time>
      </trkpt>
      <trkpt lat="49.407291" lon="22.453756">
        <ele>413.162134</ele>
        <time>2026-05-29T22:15:01.276Z</time>
      </trkpt>
      <trkpt lat="49.407350" lon="22.453442">
        <ele>412.545192</ele>
        <time>2026-05-29T22:15:03.506Z</time>
      </trkpt>
      <trkpt lat="49.407961" lon="22.451895">
        <ele>408.057252</ele>
        <time>2026-05-29T22:15:15.121Z</time>
      </trkpt>
      <trkpt lat="49.408239" lon="22.451390">
        <ele>405.267626</ele>
        <time>2026-05-29T22:15:19.096Z</time>
      </trkpt>
      <trkpt lat="49.408995" lon="22.450181">
        <ele>398.136036</ele>
        <time>2026-05-29T22:15:28.806Z</time>
      </trkpt>
      <trkpt lat="49.409272" lon="22.449791">
        <ele>394.680946</ele>
        <time>2026-05-29T22:15:32.102Z</time>
      </trkpt>
      <trkpt lat="49.409401" lon="22.449652">
        <ele>393.231943</ele>
        <time>2026-05-29T22:15:33.485Z</time>
      </trkpt>
      <trkpt lat="49.410125" lon="22.449173">
        <ele>385.982284</ele>
        <time>2026-05-29T22:15:40.290Z</time>
      </trkpt>
      <trkpt lat="49.410340" lon="22.448951">
        <ele>383.600030</ele>
        <time>2026-05-29T22:15:42.501Z</time>
      </trkpt>
      <trkpt lat="49.410672" lon="22.448549">
        <ele>380.288288</ele>
        <time>2026-05-29T22:15:46.141Z</time>
      </trkpt>
      <trkpt lat="49.410818" lon="22.448372">
        <ele>379.050225</ele>
        <time>2026-05-29T22:15:47.772Z</time>
      </trkpt>
      <trkpt lat="49.411049" lon="22.448074">
        <ele>377.042284</ele>
        <time>2026-05-29T22:15:50.419Z</time>
      </trkpt>
      <trkpt lat="49.411126" lon="22.447937">
        <ele>376.258050</ele>
        <time>2026-05-29T22:15:51.458Z</time>
      </trkpt>
      <trkpt lat="49.411712" lon="22.448192">
        <ele>372.203126</ele>
        <time>2026-05-29T22:15:57.002Z</time>
      </trkpt>
      <trkpt lat="49.412214" lon="22.448391">
        <ele>369.554502</ele>
        <time>2026-05-29T22:16:02.334Z</time>
      </trkpt>
      <trkpt lat="49.412649" lon="22.448594">
        <ele>368.798191</ele>
        <time>2026-05-29T22:16:07.763Z</time>
      </trkpt>
      <trkpt lat="49.413871" lon="22.449210">
        <ele>366.647591</ele>
        <time>2026-05-29T22:16:23.137Z</time>
      </trkpt>
      <trkpt lat="49.413991" lon="22.449007">
        <ele>366.331498</ele>
        <time>2026-05-29T22:16:25.186Z</time>
      </trkpt>
      <trkpt lat="49.414140" lon="22.448835">
        <ele>366.001417</ele>
        <time>2026-05-29T22:16:27.290Z</time>
      </trkpt>
      <trkpt lat="49.414374" lon="22.448562">
        <ele>365.481038</ele>
        <time>2026-05-29T22:16:30.561Z</time>
      </trkpt>
      <trkpt lat="49.415325" lon="22.447492">
        <ele>363.514106</ele>
        <time>2026-05-29T22:16:43.411Z</time>
      </trkpt>
      <trkpt lat="49.415679" lon="22.447097">
        <ele>363.113097</ele>
        <time>2026-05-29T22:16:48.564Z</time>
      </trkpt>
      <trkpt lat="49.415853" lon="22.446899">
        <ele>362.914635</ele>
        <time>2026-05-29T22:16:51.263Z</time>
      </trkpt>
      <trkpt lat="49.415988" lon="22.446696">
        <ele>362.741508</ele>
        <time>2026-05-29T22:16:53.673Z</time>
      </trkpt>
      <trkpt lat="49.416051" lon="22.446410">
        <ele>362.561430</ele>
        <time>2026-05-29T22:16:56.237Z</time>
      </trkpt>
      <trkpt lat="49.416029" lon="22.446235">
        <ele>362.455132</ele>
        <time>2026-05-29T22:16:57.840Z</time>
      </trkpt>
      <trkpt lat="49.415890" lon="22.445864">
        <ele>362.199804</ele>
        <time>2026-05-29T22:17:01.763Z</time>
      </trkpt>
      <trkpt lat="49.415750" lon="22.445429">
        <ele>362.037592</ele>
        <time>2026-05-29T22:17:06.321Z</time>
      </trkpt>
      <trkpt lat="49.415662" lon="22.444797">
        <ele>362.233302</ele>
        <time>2026-05-29T22:17:11.581Z</time>
      </trkpt>
      <trkpt lat="49.415608" lon="22.444521">
        <ele>362.320576</ele>
        <time>2026-05-29T22:17:13.942Z</time>
      </trkpt>
      <trkpt lat="49.415286" lon="22.443657">
        <ele>362.622094</ele>
        <time>2026-05-29T22:17:24.138Z</time>
      </trkpt>
      <trkpt lat="49.415271" lon="22.443386">
        <ele>362.704453</ele>
        <time>2026-05-29T22:17:27.768Z</time>
      </trkpt>
      <trkpt lat="49.415308" lon="22.443209">
        <ele>362.760750</ele>
        <time>2026-05-29T22:17:30.518Z</time>
      </trkpt>
      <trkpt lat="49.415404" lon="22.442997">
        <ele>362.866812</ele>
        <time>2026-05-29T22:17:34.614Z</time>
      </trkpt>
      <trkpt lat="49.415781" lon="22.442468">
        <ele>364.045840</ele>
        <time>2026-05-29T22:17:47.582Z</time>
      </trkpt>
      <trkpt lat="49.415936" lon="22.442285">
        <ele>364.497267</ele>
        <time>2026-05-29T22:17:52.748Z</time>
      </trkpt>
      <trkpt lat="49.416163" lon="22.441935">
        <ele>365.239893</ele>
        <time>2026-05-29T22:18:01.074Z</time>
      </trkpt>
      <trkpt lat="49.416295" lon="22.441493">
        <ele>365.970689</ele>
        <time>2026-05-29T22:18:08.653Z</time>
      </trkpt>
      <trkpt lat="49.416634" lon="22.439894">
        <ele>369.100442</ele>
        <time>2026-05-29T22:18:33.611Z</time>
      </trkpt>
      <trkpt lat="49.416866" lon="22.439344">
        <ele>370.478171</ele>
        <time>2026-05-29T22:18:45.098Z</time>
      </trkpt>
      <trkpt lat="49.417012" lon="22.438925">
        <ele>371.477195</ele>
        <time>2026-05-29T22:18:54.711Z</time>
      </trkpt>
      <trkpt lat="49.417679" lon="22.436285">
        <ele>378.206353</ele>
        <time>2026-05-29T22:19:55.825Z</time>
      </trkpt>
      <trkpt lat="49.417692" lon="22.436169">
        <ele>378.495230</ele>
        <time>2026-05-29T22:19:57.608Z</time>
      </trkpt>
      <trkpt lat="49.417649" lon="22.435897">
        <ele>379.182192</ele>
        <time>2026-05-29T22:20:01.699Z</time>
      </trkpt>
      <trkpt lat="49.417635" lon="22.435601">
        <ele>379.733389</ele>
        <time>2026-05-29T22:20:05.726Z</time>
      </trkpt>
      <trkpt lat="49.417672" lon="22.434943">
        <ele>380.478130</ele>
        <time>2026-05-29T22:20:13.683Z</time>
      </trkpt>
      <trkpt lat="49.417627" lon="22.434647">
        <ele>380.820899</ele>
        <time>2026-05-29T22:20:17.333Z</time>
      </trkpt>
      <trkpt lat="49.417610" lon="22.434341">
        <ele>381.167207</ele>
        <time>2026-05-29T22:20:21.132Z</time>
      </trkpt>
      <trkpt lat="49.417693" lon="22.433491">
        <ele>382.136422</ele>
        <time>2026-05-29T22:20:32.844Z</time>
      </trkpt>
      <trkpt lat="49.417909" lon="22.432419">
        <ele>383.580234</ele>
        <time>2026-05-29T22:20:51.255Z</time>
      </trkpt>
      <trkpt lat="49.417964" lon="22.432108">
        <ele>384.036061</ele>
        <time>2026-05-29T22:20:56.895Z</time>
      </trkpt>
      <trkpt lat="49.417990" lon="22.431576">
        <ele>384.790614</ele>
        <time>2026-05-29T22:21:06.463Z</time>
      </trkpt>
      <trkpt lat="49.418019" lon="22.431428">
        <ele>385.009227</ele>
        <time>2026-05-29T22:21:09.074Z</time>
      </trkpt>
      <trkpt lat="49.418132" lon="22.431081">
        <ele>385.558061</ele>
        <time>2026-05-29T22:21:15.101Z</time>
      </trkpt>
      <trkpt lat="49.418343" lon="22.430589">
        <ele>386.391523</ele>
        <time>2026-05-29T22:21:22.918Z</time>
      </trkpt>
      <trkpt lat="49.418489" lon="22.430269">
        <ele>386.546570</ele>
        <time>2026-05-29T22:21:27.548Z</time>
      </trkpt>
      <trkpt lat="49.419033" lon="22.429309">
        <ele>386.198679</ele>
        <time>2026-05-29T22:21:40.195Z</time>
      </trkpt>
      <trkpt lat="49.419705" lon="22.428464">
        <ele>385.694825</ele>
        <time>2026-05-29T22:21:50.458Z</time>
      </trkpt>
      <trkpt lat="49.419869" lon="22.428259">
        <ele>385.030133</ele>
        <time>2026-05-29T22:21:52.839Z</time>
      </trkpt>
      <trkpt lat="49.420650" lon="22.427314">
        <ele>381.904688</ele>
        <time>2026-05-29T22:22:03.253Z</time>
      </trkpt>
      <trkpt lat="49.420740" lon="22.427204">
        <ele>381.543125</ele>
        <time>2026-05-29T22:22:04.405Z</time>
      </trkpt>
      <trkpt lat="49.421658" lon="22.426159">
        <ele>376.084009</ele>
        <time>2026-05-29T22:22:15.079Z</time>
      </trkpt>
      <trkpt lat="49.422531" lon="22.425095">
        <ele>369.775663</ele>
        <time>2026-05-29T22:22:25.117Z</time>
      </trkpt>
      <trkpt lat="49.422734" lon="22.424929">
        <ele>369.240387</ele>
        <time>2026-05-29T22:22:27.311Z</time>
      </trkpt>
      <trkpt lat="49.422925" lon="22.424857">
        <ele>368.782570</ele>
        <time>2026-05-29T22:22:29.272Z</time>
      </trkpt>
      <trkpt lat="49.423875" lon="22.424619">
        <ele>366.541815</ele>
        <time>2026-05-29T22:22:40.344Z</time>
      </trkpt>
      <trkpt lat="49.424055" lon="22.424538">
        <ele>366.105197</ele>
        <time>2026-05-29T22:22:43.144Z</time>
      </trkpt>
      <trkpt lat="49.424259" lon="22.424411">
        <ele>365.643755</ele>
        <time>2026-05-29T22:22:46.337Z</time>
      </trkpt>
      <trkpt lat="49.424552" lon="22.424166">
        <ele>365.462732</ele>
        <time>2026-05-29T22:22:50.697Z</time>
      </trkpt>
      <trkpt lat="49.424797" lon="22.423903">
        <ele>365.300553</ele>
        <time>2026-05-29T22:22:54.375Z</time>
      </trkpt>
      <trkpt lat="49.425399" lon="22.422999">
        <ele>364.843826</ele>
        <time>2026-05-29T22:23:04.717Z</time>
      </trkpt>
      <trkpt lat="49.426724" lon="22.420877">
        <ele>364.974878</ele>
        <time>2026-05-29T22:23:36.651Z</time>
      </trkpt>
      <trkpt lat="49.426887" lon="22.420571">
        <ele>364.927219</ele>
        <time>2026-05-29T22:23:40.091Z</time>
      </trkpt>
      <trkpt lat="49.427105" lon="22.420074">
        <ele>364.512519</ele>
        <time>2026-05-29T22:23:44.993Z</time>
      </trkpt>
      <trkpt lat="49.427298" lon="22.419553">
        <ele>364.097737</ele>
        <time>2026-05-29T22:23:49.604Z</time>
      </trkpt>
      <trkpt lat="49.427697" lon="22.418233">
        <ele>363.093344</ele>
        <time>2026-05-29T22:24:00.590Z</time>
      </trkpt>
      <trkpt lat="49.427876" lon="22.417739">
        <ele>362.965266</ele>
        <time>2026-05-29T22:24:04.834Z</time>
      </trkpt>
      <trkpt lat="49.428161" lon="22.417025">
        <ele>362.775528</ele>
        <time>2026-05-29T22:24:12.043Z</time>
      </trkpt>
      <trkpt lat="49.428365" lon="22.416646">
        <ele>362.664107</ele>
        <time>2026-05-29T22:24:16.677Z</time>
      </trkpt>
      <trkpt lat="49.428784" lon="22.416009">
        <ele>362.475379</ele>
        <time>2026-05-29T22:24:26.141Z</time>
      </trkpt>
      <trkpt lat="49.429031" lon="22.415516">
        <ele>362.582923</ele>
        <time>2026-05-29T22:24:33.035Z</time>
      </trkpt>
      <trkpt lat="49.429248" lon="22.415066">
        <ele>362.679733</ele>
        <time>2026-05-29T22:24:39.918Z</time>
      </trkpt>
      <trkpt lat="49.429749" lon="22.414214">
        <ele>362.878226</ele>
        <time>2026-05-29T22:24:51.351Z</time>
      </trkpt>
      <trkpt lat="49.430472" lon="22.413024">
        <ele>363.048158</ele>
        <time>2026-05-29T22:25:05.850Z</time>
      </trkpt>
      <trkpt lat="49.430758" lon="22.412642">
        <ele>363.096250</ele>
        <time>2026-05-29T22:25:11.714Z</time>
      </trkpt>
      <trkpt lat="49.430999" lon="22.412425">
        <ele>363.131704</ele>
        <time>2026-05-29T22:25:16.356Z</time>
      </trkpt>
      <trkpt lat="49.431506" lon="22.412094">
        <ele>363.050542</ele>
        <time>2026-05-29T22:25:26.487Z</time>
      </trkpt>
      <trkpt lat="49.431568" lon="22.412055">
        <ele>363.011685</ele>
        <time>2026-05-29T22:25:27.759Z</time>
      </trkpt>
      <trkpt lat="49.431669" lon="22.411991">
        <ele>362.948319</ele>
        <time>2026-05-29T22:25:29.924Z</time>
      </trkpt>
      <trkpt lat="49.431731" lon="22.411996">
        <ele>362.912305</ele>
        <time>2026-05-29T22:25:31.219Z</time>
      </trkpt>
      <trkpt lat="49.432557" lon="22.413011">
        <ele>362.298969</ele>
        <time>2026-05-29T22:25:44.275Z</time>
      </trkpt>
      <trkpt lat="49.432770" lon="22.413148">
        <ele>362.165042</ele>
        <time>2026-05-29T22:25:46.877Z</time>
      </trkpt>
      <trkpt lat="49.432913" lon="22.413156">
        <ele>362.012936</ele>
        <time>2026-05-29T22:25:48.497Z</time>
      </trkpt>
      <trkpt lat="49.433075" lon="22.413071">
        <ele>361.774004</ele>
        <time>2026-05-29T22:25:50.441Z</time>
      </trkpt>
      <trkpt lat="49.433263" lon="22.412910">
        <ele>361.473628</ele>
        <time>2026-05-29T22:25:52.917Z</time>
      </trkpt>
      <trkpt lat="49.433748" lon="22.412436">
        <ele>360.671467</ele>
        <time>2026-05-29T22:25:59.344Z</time>
      </trkpt>
      <trkpt lat="49.434193" lon="22.411920">
        <ele>359.893495</ele>
        <time>2026-05-29T22:26:06.266Z</time>
      </trkpt>
      <trkpt lat="49.434700" lon="22.411569">
        <ele>358.833600</ele>
        <time>2026-05-29T22:26:13.104Z</time>
      </trkpt>
      <trkpt lat="49.435045" lon="22.411369">
        <ele>358.028673</ele>
        <time>2026-05-29T22:26:17.125Z</time>
      </trkpt>
      <trkpt lat="49.435643" lon="22.410949">
        <ele>356.593431</ele>
        <time>2026-05-29T22:26:23.878Z</time>
      </trkpt>
      <trkpt lat="49.436457" lon="22.410641">
        <ele>355.147797</ele>
        <time>2026-05-29T22:26:32.696Z</time>
      </trkpt>
      <trkpt lat="49.436770" lon="22.410426">
        <ele>354.708618</ele>
        <time>2026-05-29T22:26:36.546Z</time>
      </trkpt>
      <trkpt lat="49.436953" lon="22.410338">
        <ele>354.462976</ele>
        <time>2026-05-29T22:26:38.819Z</time>
      </trkpt>
      <trkpt lat="49.437187" lon="22.410297">
        <ele>354.161252</ele>
        <time>2026-05-29T22:26:41.734Z</time>
      </trkpt>
      <trkpt lat="49.437834" lon="22.410316">
        <ele>353.385572</ele>
        <time>2026-05-29T22:26:50.860Z</time>
      </trkpt>
      <trkpt lat="49.438597" lon="22.410455">
        <ele>353.317522</ele>
        <time>2026-05-29T22:27:02.263Z</time>
      </trkpt>
      <trkpt lat="49.439015" lon="22.410560">
        <ele>353.280010</ele>
        <time>2026-05-29T22:27:08.173Z</time>
      </trkpt>
      <trkpt lat="49.439165" lon="22.410536">
        <ele>353.266653</ele>
        <time>2026-05-29T22:27:10.322Z</time>
      </trkpt>
      <trkpt lat="49.439355" lon="22.410378">
        <ele>353.247522</ele>
        <time>2026-05-29T22:27:13.461Z</time>
      </trkpt>
      <trkpt lat="49.439697" lon="22.409954">
        <ele>353.320043</ele>
        <time>2026-05-29T22:27:20.083Z</time>
      </trkpt>
      <trkpt lat="49.439817" lon="22.409800">
        <ele>353.377552</ele>
        <time>2026-05-29T22:27:22.481Z</time>
      </trkpt>
      <trkpt lat="49.440069" lon="22.409536">
        <ele>353.489746</ele>
        <time>2026-05-29T22:27:27.167Z</time>
      </trkpt>
      <trkpt lat="49.440618" lon="22.409168">
        <ele>353.710108</ele>
        <time>2026-05-29T22:27:36.852Z</time>
      </trkpt>
      <trkpt lat="49.441549" lon="22.408540">
        <ele>354.172616</ele>
        <time>2026-05-29T22:27:55.148Z</time>
      </trkpt>
      <trkpt lat="49.442301" lon="22.407824">
        <ele>354.647860</ele>
        <time>2026-05-29T22:28:09.660Z</time>
      </trkpt>
      <trkpt lat="49.442360" lon="22.407771">
        <ele>354.684575</ele>
        <time>2026-05-29T22:28:10.838Z</time>
      </trkpt>
      <trkpt lat="49.442561" lon="22.407558">
        <ele>354.815735</ele>
        <time>2026-05-29T22:28:15.063Z</time>
      </trkpt>
      <trkpt lat="49.442674" lon="22.407361">
        <ele>354.922476</ele>
        <time>2026-05-29T22:28:18.026Z</time>
      </trkpt>
      <trkpt lat="49.443598" lon="22.405021">
        <ele>356.257547</ele>
        <time>2026-05-29T22:28:48.233Z</time>
      </trkpt>
      <trkpt lat="49.443752" lon="22.404557">
        <ele>356.898826</ele>
        <time>2026-05-29T22:28:55.616Z</time>
      </trkpt>
      <trkpt lat="49.444043" lon="22.403554">
        <ele>358.250823</ele>
        <time>2026-05-29T22:29:12.705Z</time>
      </trkpt>
      <trkpt lat="49.444163" lon="22.403212">
        <ele>358.729200</ele>
        <time>2026-05-29T22:29:19.080Z</time>
      </trkpt>
      <trkpt lat="49.444460" lon="22.402350">
        <ele>359.452994</ele>
        <time>2026-05-29T22:29:34.327Z</time>
      </trkpt>
      <trkpt lat="49.444558" lon="22.401839">
        <ele>359.335786</ele>
        <time>2026-05-29T22:29:40.920Z</time>
      </trkpt>
      <trkpt lat="49.444579" lon="22.401335">
        <ele>359.224679</ele>
        <time>2026-05-29T22:29:45.852Z</time>
      </trkpt>
      <trkpt lat="49.444531" lon="22.399771">
        <ele>358.709968</ele>
        <time>2026-05-29T22:29:57.322Z</time>
      </trkpt>
      <trkpt lat="49.444519" lon="22.399442">
        <ele>358.299469</ele>
        <time>2026-05-29T22:29:59.576Z</time>
      </trkpt>
      <trkpt lat="49.444485" lon="22.398498">
        <ele>357.121667</ele>
        <time>2026-05-29T22:30:06.112Z</time>
      </trkpt>
      <trkpt lat="49.444541" lon="22.397527">
        <ele>355.907285</ele>
        <time>2026-05-29T22:30:13.158Z</time>
      </trkpt>
      <trkpt lat="49.444623" lon="22.397004">
        <ele>355.324290</ele>
        <time>2026-05-29T22:30:17.301Z</time>
      </trkpt>
      <trkpt lat="49.444738" lon="22.396499">
        <ele>354.906750</ele>
        <time>2026-05-29T22:30:21.594Z</time>
      </trkpt>
      <trkpt lat="49.444844" lon="22.396117">
        <ele>354.582651</ele>
        <time>2026-05-29T22:30:24.942Z</time>
      </trkpt>
      <trkpt lat="49.445092" lon="22.395396">
        <ele>353.946153</ele>
        <time>2026-05-29T22:30:31.515Z</time>
      </trkpt>
      <trkpt lat="49.445382" lon="22.394656">
        <ele>353.264746</ele>
        <time>2026-05-29T22:30:38.044Z</time>
      </trkpt>
      <trkpt lat="49.445773" lon="22.393829">
        <ele>352.323141</ele>
        <time>2026-05-29T22:30:45.393Z</time>
      </trkpt>
      <trkpt lat="49.445998" lon="22.393480">
        <ele>351.870555</ele>
        <time>2026-05-29T22:30:48.992Z</time>
      </trkpt>
      <trkpt lat="49.446362" lon="22.393193">
        <ele>351.291222</ele>
        <time>2026-05-29T22:30:53.724Z</time>
      </trkpt>
      <trkpt lat="49.447254" lon="22.392592">
        <ele>350.735697</ele>
        <time>2026-05-29T22:31:06.272Z</time>
      </trkpt>
      <trkpt lat="49.447888" lon="22.392264">
        <ele>350.703835</ele>
        <time>2026-05-29T22:31:17.522Z</time>
      </trkpt>
      <trkpt lat="49.448239" lon="22.392195">
        <ele>350.686979</ele>
        <time>2026-05-29T22:31:23.337Z</time>
      </trkpt>
      <trkpt lat="49.448560" lon="22.392176">
        <ele>350.580735</ele>
        <time>2026-05-29T22:31:28.471Z</time>
      </trkpt>
      <trkpt lat="49.449562" lon="22.392294">
        <ele>349.911972</ele>
        <time>2026-05-29T22:31:41.680Z</time>
      </trkpt>
      <trkpt lat="49.449685" lon="22.392267">
        <ele>349.829288</ele>
        <time>2026-05-29T22:31:43.130Z</time>
      </trkpt>
      <trkpt lat="49.449991" lon="22.392118">
        <ele>349.615691</ele>
        <time>2026-05-29T22:31:46.800Z</time>
      </trkpt>
      <trkpt lat="49.450192" lon="22.391902">
        <ele>349.501643</ele>
        <time>2026-05-29T22:31:49.640Z</time>
      </trkpt>
      <trkpt lat="49.450763" lon="22.391065">
        <ele>349.859615</ele>
        <time>2026-05-29T22:31:59.494Z</time>
      </trkpt>
      <trkpt lat="49.451165" lon="22.390480">
        <ele>350.110768</ele>
        <time>2026-05-29T22:32:09.746Z</time>
      </trkpt>
      <trkpt lat="49.451386" lon="22.390238">
        <ele>350.233886</ele>
        <time>2026-05-29T22:32:16.413Z</time>
      </trkpt>
      <trkpt lat="49.451539" lon="22.390152">
        <ele>350.350987</ele>
        <time>2026-05-29T22:32:20.480Z</time>
      </trkpt>
      <trkpt lat="49.451757" lon="22.390091">
        <ele>350.895377</ele>
        <time>2026-05-29T22:32:26.089Z</time>
      </trkpt>
      <trkpt lat="49.452056" lon="22.390083">
        <ele>351.630096</ele>
        <time>2026-05-29T22:32:33.805Z</time>
      </trkpt>
      <trkpt lat="49.452324" lon="22.390127">
        <ele>352.292281</ele>
        <time>2026-05-29T22:32:41.004Z</time>
      </trkpt>
      <trkpt lat="49.452425" lon="22.390147">
        <ele>352.542473</ele>
        <time>2026-05-29T22:32:43.704Z</time>
      </trkpt>
      <trkpt lat="49.452765" lon="22.390197">
        <ele>353.381622</ele>
        <time>2026-05-29T22:32:52.670Z</time>
      </trkpt>
      <trkpt lat="49.453016" lon="22.390246">
        <ele>354.003246</ele>
        <time>2026-05-29T22:32:59.023Z</time>
      </trkpt>
      <trkpt lat="49.453174" lon="22.390312">
        <ele>354.405491</ele>
        <time>2026-05-29T22:33:02.853Z</time>
      </trkpt>
      <trkpt lat="49.453721" lon="22.390683">
        <ele>355.375223</ele>
        <time>2026-05-29T22:33:15.168Z</time>
      </trkpt>
      <trkpt lat="49.455168" lon="22.391377">
        <ele>357.242745</ele>
        <time>2026-05-29T22:33:46.059Z</time>
      </trkpt>
      <trkpt lat="49.457046" lon="22.392365">
        <ele>356.689298</ele>
        <time>2026-05-29T22:34:14.972Z</time>
      </trkpt>
      <trkpt lat="49.457235" lon="22.392500">
        <ele>356.322441</ele>
        <time>2026-05-29T22:34:17.164Z</time>
      </trkpt>
      <trkpt lat="49.457363" lon="22.392677">
        <ele>356.019440</ele>
        <time>2026-05-29T22:34:18.939Z</time>
      </trkpt>
      <trkpt lat="49.457503" lon="22.392997">
        <ele>355.578022</ele>
        <time>2026-05-29T22:34:21.542Z</time>
      </trkpt>
      <trkpt lat="49.457593" lon="22.393288">
        <ele>355.209238</ele>
        <time>2026-05-29T22:34:23.710Z</time>
      </trkpt>
      <trkpt lat="49.457776" lon="22.393950">
        <ele>354.386008</ele>
        <time>2026-05-29T22:34:28.551Z</time>
      </trkpt>
      <trkpt lat="49.458383" lon="22.395763">
        <ele>354.716321</ele>
        <time>2026-05-29T22:34:45.643Z</time>
      </trkpt>
      <trkpt lat="49.458528" lon="22.395998">
        <ele>354.809463</ele>
        <time>2026-05-29T22:34:50.833Z</time>
      </trkpt>
      <trkpt lat="49.458677" lon="22.396139">
        <ele>354.886825</ele>
        <time>2026-05-29T22:34:55.474Z</time>
      </trkpt>
      <trkpt lat="49.458850" lon="22.396234">
        <ele>354.968060</ele>
        <time>2026-05-29T22:35:00.698Z</time>
      </trkpt>
      <trkpt lat="49.459126" lon="22.396291">
        <ele>355.571739</ele>
        <time>2026-05-29T22:35:09.005Z</time>
      </trkpt>
      <trkpt lat="49.460004" lon="22.396276">
        <ele>357.592386</ele>
        <time>2026-05-29T22:35:34.635Z</time>
      </trkpt>
      <trkpt lat="49.460494" lon="22.396350">
        <ele>358.725432</ele>
        <time>2026-05-29T22:35:45.353Z</time>
      </trkpt>
      <trkpt lat="49.461040" lon="22.396575">
        <ele>358.497947</ele>
        <time>2026-05-29T22:35:52.845Z</time>
      </trkpt>
      <trkpt lat="49.461972" lon="22.396724">
        <ele>357.033434</ele>
        <time>2026-05-29T22:36:02.703Z</time>
      </trkpt>
      <trkpt lat="49.462088" lon="22.396787">
        <ele>356.841168</ele>
        <time>2026-05-29T22:36:03.983Z</time>
      </trkpt>
      <trkpt lat="49.462181" lon="22.396883">
        <ele>356.666130</ele>
        <time>2026-05-29T22:36:05.172Z</time>
      </trkpt>
      <trkpt lat="49.462462" lon="22.397500">
        <ele>356.437171</ele>
        <time>2026-05-29T22:36:10.734Z</time>
      </trkpt>
      <trkpt lat="49.462517" lon="22.397593">
        <ele>356.478983</ele>
        <time>2026-05-29T22:36:11.781Z</time>
      </trkpt>
      <trkpt lat="49.462770" lon="22.397890">
        <ele>356.641801</ele>
        <time>2026-05-29T22:36:16.247Z</time>
      </trkpt>
      <trkpt lat="49.462988" lon="22.398012">
        <ele>356.760486</ele>
        <time>2026-05-29T22:36:20.428Z</time>
      </trkpt>
      <trkpt lat="49.463135" lon="22.397915">
        <ele>356.842321</ele>
        <time>2026-05-29T22:36:23.918Z</time>
      </trkpt>
      <trkpt lat="49.463193" lon="22.397826">
        <ele>356.884231</ele>
        <time>2026-05-29T22:36:25.529Z</time>
      </trkpt>
      <trkpt lat="49.463394" lon="22.397520">
        <ele>357.028902</ele>
        <time>2026-05-29T22:36:30.981Z</time>
      </trkpt>
      <trkpt lat="49.463577" lon="22.397247">
        <ele>357.159314</ele>
        <time>2026-05-29T22:36:36.581Z</time>
      </trkpt>
      <trkpt lat="49.463703" lon="22.397126">
        <ele>357.269608</ele>
        <time>2026-05-29T22:36:40.013Z</time>
      </trkpt>
      <trkpt lat="49.463648" lon="22.396991">
        <ele>357.501325</ele>
        <time>2026-05-29T22:36:52.384Z</time>
      </trkpt>
      <trkpt lat="49.463718" lon="22.396744">
        <ele>357.893207</ele>
        <time>2026-05-29T22:37:13.549Z</time>
      </trkpt>
      <trkpt lat="49.463648" lon="22.396991">
        <ele>358.285088</ele>
        <time>2026-05-29T22:37:34.683Z</time>
      </trkpt>
      <trkpt lat="49.463703" lon="22.397126">
        <ele>358.516806</ele>
        <time>2026-05-29T22:37:47.148Z</time>
      </trkpt>
      <trkpt lat="49.463772" lon="22.397077">
        <ele>358.686855</ele>
        <time>2026-05-29T22:37:49.020Z</time>
      </trkpt>
      <trkpt lat="49.463890" lon="22.397059">
        <ele>358.952193</ele>
        <time>2026-05-29T22:37:51.904Z</time>
      </trkpt>
      <trkpt lat="49.464230" lon="22.397154">
        <ele>359.725437</ele>
        <time>2026-05-29T22:38:00.150Z</time>
      </trkpt>
      <trkpt lat="49.464306" lon="22.397174">
        <ele>359.897968</ele>
        <time>2026-05-29T22:38:01.994Z</time>
      </trkpt>
      <trkpt lat="49.464356" lon="22.396489">
        <ele>360.900425</ele>
        <time>2026-05-29T22:38:12.138Z</time>
      </trkpt>
      <trkpt lat="49.464480" lon="22.395984">
        <ele>361.740978</ele>
        <time>2026-05-29T22:38:21.480Z</time>
      </trkpt>
      <trkpt lat="49.464719" lon="22.395295">
        <ele>363.021384</ele>
        <time>2026-05-29T22:38:34.526Z</time>
      </trkpt>
      <trkpt lat="49.464985" lon="22.394524">
        <ele>364.452458</ele>
        <time>2026-05-29T22:38:47.953Z</time>
      </trkpt>
      <trkpt lat="49.465507" lon="22.393009">
        <ele>368.665654</ele>
        <time>2026-05-29T22:39:15.918Z</time>
      </trkpt>
      <trkpt lat="49.465610" lon="22.392684">
        <ele>369.821275</ele>
        <time>2026-05-29T22:39:23.333Z</time>
      </trkpt>
      <trkpt lat="49.465744" lon="22.392126">
        <ele>371.722494</ele>
        <time>2026-05-29T22:39:37.182Z</time>
      </trkpt>
      <trkpt lat="49.466042" lon="22.389819">
        <ele>379.676643</ele>
        <time>2026-05-29T22:40:45.256Z</time>
      </trkpt>
      <trkpt lat="49.466063" lon="22.389445">
        <ele>380.990121</ele>
        <time>2026-05-29T22:40:54.103Z</time>
      </trkpt>
      <trkpt lat="49.466049" lon="22.388803">
        <ele>383.237704</ele>
        <time>2026-05-29T22:41:06.321Z</time>
      </trkpt>
      <trkpt lat="49.466066" lon="22.388150">
        <ele>384.869697</ele>
        <time>2026-05-29T22:41:15.721Z</time>
      </trkpt>
      <trkpt lat="49.466123" lon="22.387729">
        <ele>385.559364</ele>
        <time>2026-05-29T22:41:20.892Z</time>
      </trkpt>
      <trkpt lat="49.466237" lon="22.387194">
        <ele>386.462299</ele>
        <time>2026-05-29T22:41:27.408Z</time>
      </trkpt>
      <trkpt lat="49.466410" lon="22.386685">
        <ele>387.383487</ele>
        <time>2026-05-29T22:41:34.893Z</time>
      </trkpt>
      <trkpt lat="49.467542" lon="22.383844">
        <ele>396.095542</ele>
        <time>2026-05-29T22:42:46.345Z</time>
      </trkpt>
      <trkpt lat="49.468452" lon="22.380651">
        <ele>404.847217</ele>
        <time>2026-05-29T22:44:04.112Z</time>
      </trkpt>
      <trkpt lat="49.468487" lon="22.380390">
        <ele>404.646990</ele>
        <time>2026-05-29T22:44:07.484Z</time>
      </trkpt>
      <trkpt lat="49.468490" lon="22.380076">
        <ele>404.411049</ele>
        <time>2026-05-29T22:44:10.677Z</time>
      </trkpt>
      <trkpt lat="49.468427" lon="22.379633">
        <ele>404.070335</ele>
        <time>2026-05-29T22:44:14.234Z</time>
      </trkpt>
      <trkpt lat="49.468370" lon="22.379430">
        <ele>403.904188</ele>
        <time>2026-05-29T22:44:15.770Z</time>
      </trkpt>
      <trkpt lat="49.468243" lon="22.379159">
        <ele>403.653160</ele>
        <time>2026-05-29T22:44:17.907Z</time>
      </trkpt>
      <trkpt lat="49.467863" lon="22.378625">
        <ele>403.018848</ele>
        <time>2026-05-29T22:44:22.706Z</time>
      </trkpt>
      <trkpt lat="49.467579" lon="22.378234">
        <ele>402.034355</ele>
        <time>2026-05-29T22:44:26.248Z</time>
      </trkpt>
      <trkpt lat="49.467414" lon="22.377962">
        <ele>401.409663</ele>
        <time>2026-05-29T22:44:28.534Z</time>
      </trkpt>
      <trkpt lat="49.466971" lon="22.376904">
        <ele>399.296610</ele>
        <time>2026-05-29T22:44:37.099Z</time>
      </trkpt>
      <trkpt lat="49.466778" lon="22.376424">
        <ele>398.510623</ele>
        <time>2026-05-29T22:44:43.617Z</time>
      </trkpt>
      <trkpt lat="49.466462" lon="22.375578">
        <ele>399.675639</ele>
        <time>2026-05-29T22:44:59.518Z</time>
      </trkpt>
      <trkpt lat="49.466398" lon="22.375270">
        <ele>400.061713</ele>
        <time>2026-05-29T22:45:04.729Z</time>
      </trkpt>
      <trkpt lat="49.466332" lon="22.374721">
        <ele>400.728308</ele>
        <time>2026-05-29T22:45:13.080Z</time>
      </trkpt>
      <trkpt lat="49.466318" lon="22.374572">
        <ele>400.908055</ele>
        <time>2026-05-29T22:45:15.309Z</time>
      </trkpt>
      <trkpt lat="49.466299" lon="22.374363">
        <ele>401.160019</ele>
        <time>2026-05-29T22:45:18.334Z</time>
      </trkpt>
      <trkpt lat="49.466267" lon="22.374050">
        <ele>401.538319</ele>
        <time>2026-05-29T22:45:22.704Z</time>
      </trkpt>
      <trkpt lat="49.466210" lon="22.373478">
        <ele>402.644382</ele>
        <time>2026-05-29T22:45:30.267Z</time>
      </trkpt>
      <trkpt lat="49.466202" lon="22.373397">
        <ele>402.826550</ele>
        <time>2026-05-29T22:45:31.272Z</time>
      </trkpt>
      <trkpt lat="49.466195" lon="22.373327">
        <ele>402.984023</ele>
        <time>2026-05-29T22:45:32.108Z</time>
      </trkpt>
      <trkpt lat="49.465920" lon="22.370499">
        <ele>411.691579</ele>
        <time>2026-05-29T22:46:27.710Z</time>
      </trkpt>
      <trkpt lat="49.465886" lon="22.370068">
        <ele>414.231421</ele>
        <time>2026-05-29T22:46:43.088Z</time>
      </trkpt>
      <trkpt lat="49.465792" lon="22.369126">
        <ele>419.806677</ele>
        <time>2026-05-29T22:47:20.137Z</time>
      </trkpt>
      <trkpt lat="49.465776" lon="22.368961">
        <ele>420.782609</ele>
        <time>2026-05-29T22:47:27.389Z</time>
      </trkpt>
      <trkpt lat="49.465747" lon="22.368658">
        <ele>422.574272</ele>
        <time>2026-05-29T22:47:40.752Z</time>
      </trkpt>
      <trkpt lat="49.465666" lon="22.367856">
        <ele>426.496572</ele>
        <time>2026-05-29T22:48:11.337Z</time>
      </trkpt>
      <trkpt lat="49.465602" lon="22.367183">
        <ele>429.458601</ele>
        <time>2026-05-29T22:48:32.261Z</time>
      </trkpt>
      <trkpt lat="49.465580" lon="22.366794">
        <ele>431.159045</ele>
        <time>2026-05-29T22:48:42.215Z</time>
      </trkpt>
      <trkpt lat="49.465617" lon="22.366486">
        <ele>432.523063</ele>
        <time>2026-05-29T22:48:49.654Z</time>
      </trkpt>
      <trkpt lat="49.465686" lon="22.366170">
        <ele>433.974793</ele>
        <time>2026-05-29T22:48:56.891Z</time>
      </trkpt>
      <trkpt lat="49.465803" lon="22.365853">
        <ele>435.562365</ele>
        <time>2026-05-29T22:49:03.937Z</time>
      </trkpt>
      <trkpt lat="49.466198" lon="22.365277">
        <ele>436.411398</ele>
        <time>2026-05-29T22:49:15.909Z</time>
      </trkpt>
      <trkpt lat="49.466434" lon="22.364983">
        <ele>436.589003</ele>
        <time>2026-05-29T22:49:21.752Z</time>
      </trkpt>
      <trkpt lat="49.466907" lon="22.364369">
        <ele>436.950959</ele>
        <time>2026-05-29T22:49:32.011Z</time>
      </trkpt>
      <trkpt lat="49.467060" lon="22.364160">
        <ele>437.070625</ele>
        <time>2026-05-29T22:49:34.662Z</time>
      </trkpt>
      <trkpt lat="49.467239" lon="22.363924">
        <ele>437.119574</ele>
        <time>2026-05-29T22:49:37.345Z</time>
      </trkpt>
      <trkpt lat="49.467489" lon="22.363608">
        <ele>435.975483</ele>
        <time>2026-05-29T22:49:40.779Z</time>
      </trkpt>
      <trkpt lat="49.467502" lon="22.363590">
        <ele>435.913640</ele>
        <time>2026-05-29T22:49:40.960Z</time>
      </trkpt>
      <trkpt lat="49.467524" lon="22.363561">
        <ele>435.811200</ele>
        <time>2026-05-29T22:49:41.257Z</time>
      </trkpt>
      <trkpt lat="49.467646" lon="22.363403">
        <ele>435.247313</ele>
        <time>2026-05-29T22:49:42.876Z</time>
      </trkpt>
      <trkpt lat="49.467891" lon="22.363087">
        <ele>434.116833</ele>
        <time>2026-05-29T22:49:46.078Z</time>
      </trkpt>
      <trkpt lat="49.467979" lon="22.362971">
        <ele>433.707072</ele>
        <time>2026-05-29T22:49:47.205Z</time>
      </trkpt>
      <trkpt lat="49.468177" lon="22.362634">
        <ele>432.663025</ele>
        <time>2026-05-29T22:49:50.073Z</time>
      </trkpt>
      <trkpt lat="49.468226" lon="22.362518">
        <ele>432.345080</ele>
        <time>2026-05-29T22:49:50.937Z</time>
      </trkpt>
      <trkpt lat="49.468288" lon="22.362349">
        <ele>431.899091</ele>
        <time>2026-05-29T22:49:52.140Z</time>
      </trkpt>
      <trkpt lat="49.468367" lon="22.362038">
        <ele>431.131726</ele>
        <time>2026-05-29T22:49:54.191Z</time>
      </trkpt>
      <trkpt lat="49.468392" lon="22.361874">
        <ele>430.740177</ele>
        <time>2026-05-29T22:49:55.218Z</time>
      </trkpt>
      <trkpt lat="49.468429" lon="22.361504">
        <ele>429.837890</ele>
        <time>2026-05-29T22:49:57.493Z</time>
      </trkpt>
      <trkpt lat="49.468510" lon="22.359952">
        <ele>426.085152</ele>
        <time>2026-05-29T22:50:07.099Z</time>
      </trkpt>
      <trkpt lat="49.468515" lon="22.359850">
        <ele>425.838609</ele>
        <time>2026-05-29T22:50:07.774Z</time>
      </trkpt>
      <trkpt lat="49.468534" lon="22.359518">
        <ele>425.035313</ele>
        <time>2026-05-29T22:50:10.041Z</time>
      </trkpt>
      <trkpt lat="49.468559" lon="22.359121">
        <ele>424.210236</ele>
        <time>2026-05-29T22:50:13.070Z</time>
      </trkpt>
      <trkpt lat="49.468581" lon="22.358830">
        <ele>424.565909</ele>
        <time>2026-05-29T22:50:15.613Z</time>
      </trkpt>
      <trkpt lat="49.468651" lon="22.358198">
        <ele>425.344257</ele>
        <time>2026-05-29T22:50:23.106Z</time>
      </trkpt>
      <trkpt lat="49.468773" lon="22.357675">
        <ele>426.018874</ele>
        <time>2026-05-29T22:50:32.183Z</time>
      </trkpt>
      <trkpt lat="49.468824" lon="22.357515">
        <ele>426.235230</ele>
        <time>2026-05-29T22:50:35.607Z</time>
      </trkpt>
      <trkpt lat="49.468963" lon="22.356939">
        <ele>426.981180</ele>
        <time>2026-05-29T22:50:48.003Z</time>
      </trkpt>
      <trkpt lat="49.469020" lon="22.356497">
        <ele>427.527479</ele>
        <time>2026-05-29T22:50:56.978Z</time>
      </trkpt>
      <trkpt lat="49.469037" lon="22.355073">
        <ele>428.873936</ele>
        <time>2026-05-29T22:51:19.791Z</time>
      </trkpt>
      <trkpt lat="49.469066" lon="22.354746">
        <ele>429.185943</ele>
        <time>2026-05-29T22:51:23.848Z</time>
      </trkpt>
      <trkpt lat="49.469126" lon="22.354490">
        <ele>429.443220</ele>
        <time>2026-05-29T22:51:26.885Z</time>
      </trkpt>
      <trkpt lat="49.469554" lon="22.353310">
        <ele>429.304995</ele>
        <time>2026-05-29T22:51:38.700Z</time>
      </trkpt>
      <trkpt lat="49.469610" lon="22.353112">
        <ele>429.010330</ele>
        <time>2026-05-29T22:51:40.348Z</time>
      </trkpt>
      <trkpt lat="49.469667" lon="22.352654">
        <ele>428.373998</ele>
        <time>2026-05-29T22:51:43.830Z</time>
      </trkpt>
      <trkpt lat="49.469666" lon="22.352304">
        <ele>427.896394</ele>
        <time>2026-05-29T22:51:46.271Z</time>
      </trkpt>
      <trkpt lat="49.469621" lon="22.351936">
        <ele>427.385418</ele>
        <time>2026-05-29T22:51:48.757Z</time>
      </trkpt>
      <trkpt lat="49.469521" lon="22.351578">
        <ele>426.853684</ele>
        <time>2026-05-29T22:51:51.287Z</time>
      </trkpt>
      <trkpt lat="49.469352" lon="22.351161">
        <ele>426.140243</ele>
        <time>2026-05-29T22:51:54.439Z</time>
      </trkpt>
      <trkpt lat="49.469098" lon="22.350587">
        <ele>424.968971</ele>
        <time>2026-05-29T22:51:58.863Z</time>
      </trkpt>
      <trkpt lat="49.468784" lon="22.349948">
        <ele>423.617764</ele>
        <time>2026-05-29T22:52:04.067Z</time>
      </trkpt>
      <trkpt lat="49.468257" lon="22.349036">
        <ele>421.663392</ele>
        <time>2026-05-29T22:52:13.167Z</time>
      </trkpt>
      <trkpt lat="49.467468" lon="22.347680">
        <ele>420.925933</ele>
        <time>2026-05-29T22:52:30.704Z</time>
      </trkpt>
      <trkpt lat="49.467268" lon="22.347287">
        <ele>420.723684</ele>
        <time>2026-05-29T22:52:34.942Z</time>
      </trkpt>
      <trkpt lat="49.467114" lon="22.346898">
        <ele>420.448387</ele>
        <time>2026-05-29T22:52:38.482Z</time>
      </trkpt>
      <trkpt lat="49.466444" lon="22.344721">
        <ele>416.995722</ele>
        <time>2026-05-29T22:52:55.562Z</time>
      </trkpt>
      <trkpt lat="49.466343" lon="22.344388">
        <ele>416.255984</ele>
        <time>2026-05-29T22:52:58.020Z</time>
      </trkpt>
      <trkpt lat="49.466200" lon="22.343927">
        <ele>414.400781</ele>
        <time>2026-05-29T22:53:01.273Z</time>
      </trkpt>
      <trkpt lat="49.465963" lon="22.343257">
        <ele>411.630368</ele>
        <time>2026-05-29T22:53:05.963Z</time>
      </trkpt>
      <trkpt lat="49.465907" lon="22.343126">
        <ele>411.060900</ele>
        <time>2026-05-29T22:53:06.899Z</time>
      </trkpt>
      <trkpt lat="49.465719" lon="22.342758">
        <ele>409.360885</ele>
        <time>2026-05-29T22:53:09.638Z</time>
      </trkpt>
      <trkpt lat="49.465498" lon="22.342413">
        <ele>407.601550</ele>
        <time>2026-05-29T22:53:12.453Z</time>
      </trkpt>
      <trkpt lat="49.465257" lon="22.342124">
        <ele>405.940740</ele>
        <time>2026-05-29T22:53:15.156Z</time>
      </trkpt>
      <trkpt lat="49.464895" lon="22.341783">
        <ele>403.735911</ele>
        <time>2026-05-29T22:53:18.900Z</time>
      </trkpt>
      <trkpt lat="49.464665" lon="22.341565">
        <ele>402.332679</ele>
        <time>2026-05-29T22:53:21.349Z</time>
      </trkpt>
      <trkpt lat="49.464623" lon="22.341523">
        <ele>402.072480</ele>
        <time>2026-05-29T22:53:21.806Z</time>
      </trkpt>
      <trkpt lat="49.464239" lon="22.341101">
        <ele>399.621244</ele>
        <time>2026-05-29T22:53:26.268Z</time>
      </trkpt>
      <trkpt lat="49.464084" lon="22.340785">
        <ele>398.284682</ele>
        <time>2026-05-29T22:53:28.969Z</time>
      </trkpt>
      <trkpt lat="49.464014" lon="22.340553">
        <ele>397.421148</ele>
        <time>2026-05-29T22:53:30.849Z</time>
      </trkpt>
      <trkpt lat="49.463969" lon="22.340261">
        <ele>396.861212</ele>
        <time>2026-05-29T22:53:33.060Z</time>
      </trkpt>
      <trkpt lat="49.463964" lon="22.340007">
        <ele>396.486074</ele>
        <time>2026-05-29T22:53:34.960Z</time>
      </trkpt>
      <trkpt lat="49.464052" lon="22.339368">
        <ele>395.521811</ele>
        <time>2026-05-29T22:53:40.218Z</time>
      </trkpt>
      <trkpt lat="49.464142" lon="22.338844">
        <ele>394.721705</ele>
        <time>2026-05-29T22:53:44.478Z</time>
      </trkpt>
      <trkpt lat="49.464201" lon="22.338503">
        <ele>394.200776</ele>
        <time>2026-05-29T22:53:47.128Z</time>
      </trkpt>
      <trkpt lat="49.464292" lon="22.338241">
        <ele>393.762235</ele>
        <time>2026-05-29T22:53:49.198Z</time>
      </trkpt>
      <trkpt lat="49.464852" lon="22.337253">
        <ele>390.365639</ele>
        <time>2026-05-29T22:53:57.250Z</time>
      </trkpt>
      <trkpt lat="49.465465" lon="22.336226">
        <ele>385.994989</ele>
        <time>2026-05-29T22:54:05.733Z</time>
      </trkpt>
      <trkpt lat="49.465747" lon="22.335746">
        <ele>384.008598</ele>
        <time>2026-05-29T22:54:09.733Z</time>
      </trkpt>
      <trkpt lat="49.466077" lon="22.335112">
        <ele>381.680997</ele>
        <time>2026-05-29T22:54:14.771Z</time>
      </trkpt>
      <trkpt lat="49.466097" lon="22.335067">
        <ele>381.524778</ele>
        <time>2026-05-29T22:54:15.108Z</time>
      </trkpt>
      <trkpt lat="49.466131" lon="22.334981">
        <ele>381.236326</ele>
        <time>2026-05-29T22:54:15.732Z</time>
      </trkpt>
      <trkpt lat="49.466166" lon="22.334892">
        <ele>380.938238</ele>
        <time>2026-05-29T22:54:16.379Z</time>
      </trkpt>
      <trkpt lat="49.466310" lon="22.334449">
        <ele>379.518881</ele>
        <time>2026-05-29T22:54:19.498Z</time>
      </trkpt>
      <trkpt lat="49.466465" lon="22.333855">
        <ele>377.684687</ele>
        <time>2026-05-29T22:54:23.592Z</time>
      </trkpt>
      <trkpt lat="49.466503" lon="22.333704">
        <ele>377.220688</ele>
        <time>2026-05-29T22:54:24.593Z</time>
      </trkpt>
      <trkpt lat="49.466604" lon="22.333312">
        <ele>376.062451</ele>
        <time>2026-05-29T22:54:27.205Z</time>
      </trkpt>
      <trkpt lat="49.466617" lon="22.333259">
        <ele>375.916055</ele>
        <time>2026-05-29T22:54:27.556Z</time>
      </trkpt>
      <trkpt lat="49.466658" lon="22.333105">
        <ele>375.485981</ele>
        <time>2026-05-29T22:54:28.586Z</time>
      </trkpt>
      <trkpt lat="49.466681" lon="22.333018">
        <ele>375.243261</ele>
        <time>2026-05-29T22:54:29.176Z</time>
      </trkpt>
      <trkpt lat="49.466849" lon="22.332540">
        <ele>373.838921</ele>
        <time>2026-05-29T22:54:32.608Z</time>
      </trkpt>
      <trkpt lat="49.467017" lon="22.332277">
        <ele>372.885921</ele>
        <time>2026-05-29T22:54:34.941Z</time>
      </trkpt>
      <trkpt lat="49.467207" lon="22.332093">
        <ele>371.993220</ele>
        <time>2026-05-29T22:54:37.184Z</time>
      </trkpt>
      <trkpt lat="49.467669" lon="22.331793">
        <ele>369.999223</ele>
        <time>2026-05-29T22:54:42.185Z</time>
      </trkpt>
      <trkpt lat="49.468063" lon="22.331546">
        <ele>368.597778</ele>
        <time>2026-05-29T22:54:46.314Z</time>
      </trkpt>
      <trkpt lat="49.468093" lon="22.331527">
        <ele>368.504002</ele>
        <time>2026-05-29T22:54:46.629Z</time>
      </trkpt>
      <trkpt lat="49.468116" lon="22.331512">
        <ele>368.431794</ele>
        <time>2026-05-29T22:54:46.869Z</time>
      </trkpt>
      <trkpt lat="49.468440" lon="22.331302">
        <ele>367.415557</ele>
        <time>2026-05-29T22:54:50.350Z</time>
      </trkpt>
      <trkpt lat="49.468587" lon="22.331187">
        <ele>366.938881</ele>
        <time>2026-05-29T22:54:52.007Z</time>
      </trkpt>
      <trkpt lat="49.468646" lon="22.331133">
        <ele>366.740449</ele>
        <time>2026-05-29T22:54:52.711Z</time>
      </trkpt>
      <trkpt lat="49.468761" lon="22.331003">
        <ele>366.327974</ele>
        <time>2026-05-29T22:54:54.158Z</time>
      </trkpt>
      <trkpt lat="49.468945" lon="22.330715">
        <ele>365.569315</ele>
        <time>2026-05-29T22:54:56.927Z</time>
      </trkpt>
      <trkpt lat="49.469149" lon="22.330312">
        <ele>364.609730</ele>
        <time>2026-05-29T22:55:00.603Z</time>
      </trkpt>
      <trkpt lat="49.469194" lon="22.330222">
        <ele>364.396419</ele>
        <time>2026-05-29T22:55:01.445Z</time>
      </trkpt>
      <trkpt lat="49.469365" lon="22.329883">
        <ele>363.700762</ele>
        <time>2026-05-29T22:55:04.666Z</time>
      </trkpt>
      <trkpt lat="49.469532" lon="22.329544">
        <ele>363.053565</ele>
        <time>2026-05-29T22:55:07.900Z</time>
      </trkpt>
      <trkpt lat="49.469619" lon="22.329371">
        <ele>362.720758</ele>
        <time>2026-05-29T22:55:09.592Z</time>
      </trkpt>
      <trkpt lat="49.469820" lon="22.328981">
        <ele>361.963463</ele>
        <time>2026-05-29T22:55:13.659Z</time>
      </trkpt>
      <trkpt lat="49.470097" lon="22.328595">
        <ele>361.088581</ele>
        <time>2026-05-29T22:55:17.911Z</time>
      </trkpt>
      <trkpt lat="49.470129" lon="22.328467">
        <ele>360.879930</ele>
        <time>2026-05-29T22:55:18.838Z</time>
      </trkpt>
      <trkpt lat="49.470121" lon="22.328357">
        <ele>360.711533</ele>
        <time>2026-05-29T22:55:19.562Z</time>
      </trkpt>
      <trkpt lat="49.470056" lon="22.328197">
        <ele>360.424460</ele>
        <time>2026-05-29T22:55:20.778Z</time>
      </trkpt>
      <trkpt lat="49.469940" lon="22.327974">
        <ele>359.989885</ele>
        <time>2026-05-29T22:55:22.569Z</time>
      </trkpt>
      <trkpt lat="49.469862" lon="22.327825">
        <ele>359.176822</ele>
        <time>2026-05-29T22:55:23.748Z</time>
      </trkpt>
      <trkpt lat="49.469706" lon="22.327497">
        <ele>357.325364</ele>
        <time>2026-05-29T22:55:26.195Z</time>
      </trkpt>
      <trkpt lat="49.469694" lon="22.327316">
        <ele>356.496616</ele>
        <time>2026-05-29T22:55:27.273Z</time>
      </trkpt>
      <trkpt lat="49.469733" lon="22.327147">
        <ele>355.679711</ele>
        <time>2026-05-29T22:55:28.331Z</time>
      </trkpt>
      <trkpt lat="49.470309" lon="22.326121">
        <ele>349.503773</ele>
        <time>2026-05-29T22:55:36.092Z</time>
      </trkpt>
      <trkpt lat="49.470431" lon="22.325940">
        <ele>348.315913</ele>
        <time>2026-05-29T22:55:37.572Z</time>
      </trkpt>
      <trkpt lat="49.470569" lon="22.325786">
        <ele>347.139638</ele>
        <time>2026-05-29T22:55:39.070Z</time>
      </trkpt>
      <trkpt lat="49.470818" lon="22.325643">
        <ele>345.426027</ele>
        <time>2026-05-29T22:55:41.419Z</time>
      </trkpt>
      <trkpt lat="49.471012" lon="22.325622">
        <ele>344.172102</ele>
        <time>2026-05-29T22:55:43.153Z</time>
      </trkpt>
      <trkpt lat="49.472008" lon="22.325785">
        <ele>337.714080</ele>
        <time>2026-05-29T22:55:52.261Z</time>
      </trkpt>
      <trkpt lat="49.472415" lon="22.325791">
        <ele>335.380496</ele>
        <time>2026-05-29T22:55:56.113Z</time>
      </trkpt>
      <trkpt lat="49.473381" lon="22.325508">
        <ele>331.806137</ele>
        <time>2026-05-29T22:56:05.790Z</time>
      </trkpt>
      <trkpt lat="49.473642" lon="22.325449">
        <ele>330.847251</ele>
        <time>2026-05-29T22:56:08.503Z</time>
      </trkpt>
      <trkpt lat="49.473665" lon="22.325431">
        <ele>330.753460</ele>
        <time>2026-05-29T22:56:08.766Z</time>
      </trkpt>
      <trkpt lat="49.473762" lon="22.325380">
        <ele>330.380866</ele>
        <time>2026-05-29T22:56:09.825Z</time>
      </trkpt>
      <trkpt lat="49.473789" lon="22.325395">
        <ele>330.276525</ele>
        <time>2026-05-29T22:56:10.127Z</time>
      </trkpt>
      <trkpt lat="49.473865" lon="22.325384">
        <ele>329.999055</ele>
        <time>2026-05-29T22:56:10.930Z</time>
      </trkpt>
      <trkpt lat="49.473915" lon="22.325322">
        <ele>329.765655</ele>
        <time>2026-05-29T22:56:11.608Z</time>
      </trkpt>
      <trkpt lat="49.473933" lon="22.325164">
        <ele>329.386778</ele>
        <time>2026-05-29T22:56:12.690Z</time>
      </trkpt>
      <trkpt lat="49.473891" lon="22.325068">
        <ele>329.144937</ele>
        <time>2026-05-29T22:56:13.480Z</time>
      </trkpt>
      <trkpt lat="49.473805" lon="22.325030">
        <ele>328.917406</ele>
        <time>2026-05-29T22:56:14.416Z</time>
      </trkpt>
      <trkpt lat="49.473724" lon="22.324929">
        <ele>328.652301</ele>
        <time>2026-05-29T22:56:15.501Z</time>
      </trkpt>
      <trkpt lat="49.473681" lon="22.324880">
        <ele>328.516239</ele>
        <time>2026-05-29T22:56:16.064Z</time>
      </trkpt>
      <trkpt lat="49.473706" lon="22.324620">
        <ele>328.081935</ele>
        <time>2026-05-29T22:56:17.845Z</time>
      </trkpt>
      <trkpt lat="49.473736" lon="22.324506">
        <ele>327.878698</ele>
        <time>2026-05-29T22:56:18.678Z</time>
      </trkpt>
      <trkpt lat="49.473782" lon="22.324198">
        <ele>327.356487</ele>
        <time>2026-05-29T22:56:20.797Z</time>
      </trkpt>
      <trkpt lat="49.473800" lon="22.323895">
        <ele>326.853720</ele>
        <time>2026-05-29T22:56:22.845Z</time>
      </trkpt>
      <trkpt lat="49.473789" lon="22.322593">
        <ele>324.702105</ele>
        <time>2026-05-29T22:56:31.840Z</time>
      </trkpt>
      <trkpt lat="49.473745" lon="22.322316">
        <ele>324.644435</ele>
        <time>2026-05-29T22:56:33.875Z</time>
      </trkpt>
      <trkpt lat="49.473622" lon="22.321804">
        <ele>324.644435</ele>
        <time>2026-05-29T22:56:37.778Z</time>
      </trkpt>
      <trkpt lat="49.473597" lon="22.321703">
        <ele>324.644435</ele>
        <time>2026-05-29T22:56:38.571Z</time>
      </trkpt>
      <trkpt lat="49.473578" lon="22.321621">
        <ele>324.644435</ele>
        <time>2026-05-29T22:56:39.224Z</time>
      </trkpt>
      <trkpt lat="49.473551" lon="22.321509">
        <ele>324.644435</ele>
        <time>2026-05-29T22:56:40.115Z</time>
      </trkpt>
      <trkpt lat="49.473729" lon="22.321289">
        <ele>324.644435</ele>
        <time>2026-05-29T22:56:42.828Z</time>
      </trkpt>
      <trkpt lat="49.473768" lon="22.321241">
        <ele>324.644435</ele>
        <time>2026-05-29T22:56:43.434Z</time>
      </trkpt>
      <trkpt lat="49.473828" lon="22.321170">
        <ele>324.644435</ele>
        <time>2026-05-29T22:56:44.368Z</time>
      </trkpt>
      <trkpt lat="49.473838" lon="22.321159">
        <ele>324.644435</ele>
        <time>2026-05-29T22:56:44.522Z</time>
      </trkpt>
      <trkpt lat="49.473705" lon="22.320648">
        <ele>324.644435</ele>
        <time>2026-05-29T22:56:50.903Z</time>
      </trkpt>
    </trkseg>
  </trk>
</gpx>